Id,parentId,Workload,Server,Category,Type,Application name(s),Environment,Migration Intent,Operating System,Dependencies,Softwares(#),Support status,Security risks,Discovery method,Hypervisor type,Host,Tags,DB instances(#),Databases(#),Webapps(#),Fileshares(#),vCores(#),Memory (MB),Disks(#),Allocated storage (GB),OS Family,Support ends in (Days),Power status,Connected appliance,First discovered at,Last updated at,Processor,Database edition,Framework version,Protocol,DB engine status,HADR configuration,IPv6/IPv4,App ARM ID name(s)
"/subscriptions/ed38b697-42b8-4490-b79a-ce682d991625/resourcegroups/rgazmigrat-8/providers/microsoft.offazure/importsites/vmwaremigration5a66importsite/machines/5201b9cc-0298-4000-a001-000000000298","/subscriptions/ed38b697-42b8-4490-b79a-ce682d991625/resourcegroups/rgazmigrat-8/providers/microsoft.offazure/importsites/vmwaremigration5a66importsite/machines/5201b9cc-0298-4000-a001-000000000298","vm-dev-devops-shared-artifa-01","vm-dev-devops-shared-artifa-01","Server","Linux server","-","-","-","Ubuntu","-","-","-","-","Import","VMware","-","{}","-","-","-","-","4","12288","1","-","linuxguest","-"," -"," -","2026-04-08T15:34:55.142963Z","2026-04-08T15:34:56.3159497Z","-"," -"," -","-","-","-","[]","-"
"/subscriptions/ed38b697-42b8-4490-b79a-ce682d991625/resourcegroups/rgazmigrat-8/providers/microsoft.offazure/importsites/vmwaremigration5a66importsite/machines/5201b9cc-0299-4000-a001-000000000299","/subscriptions/ed38b697-42b8-4490-b79a-ce682d991625/resourcegroups/rgazmigrat-8/providers/microsoft.offazure/importsites/vmwaremigration5a66importsite/machines/5201b9cc-0299-4000-a001-000000000299","vm-dev-devops-shared-artifa-02","vm-dev-devops-shared-artifa-02","Server","Linux server","-","-","-","Ubuntu","-","-","-","-","Import","VMware","-","{}","-","-","-","-","4","12288","1","-","linuxguest","-"," -"," -","2026-04-08T15:34:55.142963Z","2026-04-08T15:34:56.3159497Z","-"," -"," -","-","-","-","[]","-"
"/subscriptions/ed38b697-42b8-4490-b79a-ce682d991625/resourcegroups/rgazmigrat-8/providers/microsoft.offazure/importsites/vmwaremigration5a66importsite/machines/5201b9cc-0296-4000-a001-000000000296","/subscriptions/ed38b697-42b8-4490-b79a-ce682d991625/resourcegroups/rgazmigrat-8/providers/microsoft.offazure/importsites/vmwaremigration5a66importsite/machines/5201b9cc-0296-4000-a001-000000000296","vm-dev-devops-shared-ci-01","vm-dev-devops-shared-ci-01","Server","Linux server","-","-","-","CentOS 7","-","-","-","-","Import","VMware","-","{}","-","-","-","-","4","8192","1","-","linuxguest","-"," -"," -","2026-04-08T15:34:55.142963Z","2026-04-08T15:34:56.3159497Z","-"," -"," -","-","-","-","[]","-"
"/subscriptions/ed38b697-42b8-4490-b79a-ce682d991625/resourcegroups/rgazmigrat-8/providers/microsoft.offazure/importsites/vmwaremigration5a66importsite/machines/5201b9cc-0297-4000-a001-000000000297","/subscriptions/ed38b697-42b8-4490-b79a-ce682d991625/resourcegroups/rgazmigrat-8/providers/microsoft.offazure/importsites/vmwaremigration5a66importsite/machines/5201b9cc-0297-4000-a001-000000000297","vm-dev-devops-shared-ci-02","vm-dev-devops-shared-ci-02","Server","Linux server","-","-","-","CentOS 7","-","-","-","-","Import","VMware","-","{}","-","-","-","-","4","8192","1","-","linuxguest","-"," -"," -","2026-04-08T15:34:55.142963Z","2026-04-08T15:34:56.3159497Z","-"," -"," -","-","-","-","[]","-"
"/subscriptions/ed38b697-42b8-4490-b79a-ce682d991625/resourcegroups/rgazmigrat-8/providers/microsoft.offazure/importsites/vmwaremigration5a66importsite/machines/5201b9cc-0276-4000-a001-000000000276","/subscriptions/ed38b697-42b8-4490-b79a-ce682d991625/resourcegroups/rgazmigrat-8/providers/microsoft.offazure/importsites/vmwaremigration5a66importsite/machines/5201b9cc-0276-4000-a001-000000000276","vm-prod-call-center-app-01","vm-prod-call-center-app-01","Server","Windows server","-","-","-","Windows Server 2022","-","-","-","-","Import","VMware","-","{}","-","-","-","-","6","16384","1","-","windowsguest","-"," -"," -","2026-04-08T15:34:55.1273519Z","2026-04-08T15:34:56.3159497Z","-"," -"," -","-","-","-","[]","-"
"/subscriptions/ed38b697-42b8-4490-b79a-ce682d991625/resourcegroups/rgazmigrat-8/providers/microsoft.offazure/importsites/vmwaremigration5a66importsite/machines/5201b9cc-0277-4000-a001-000000000277","/subscriptions/ed38b697-42b8-4490-b79a-ce682d991625/resourcegroups/rgazmigrat-8/providers/microsoft.offazure/importsites/vmwaremigration5a66importsite/machines/5201b9cc-0277-4000-a001-000000000277","vm-prod-call-center-app-02","vm-prod-call-center-app-02","Server","Windows server","-","-","-","Windows Server 2022","-","-","-","-","Import","VMware","-","{}","-","-","-","-","6","18432","1","-","windowsguest","-"," -"," -","2026-04-08T15:34:55.1273519Z","2026-04-08T15:34:56.3159497Z","-"," -"," -","-","-","-","[]","-"
"/subscriptions/ed38b697-42b8-4490-b79a-ce682d991625/resourcegroups/rgazmigrat-8/providers/microsoft.offazure/importsites/vmwaremigration5a66importsite/machines/5201b9cc-0278-4000-a001-000000000278","/subscriptions/ed38b697-42b8-4490-b79a-ce682d991625/resourcegroups/rgazmigrat-8/providers/microsoft.offazure/importsites/vmwaremigration5a66importsite/machines/5201b9cc-0278-4000-a001-000000000278","vm-prod-call-center-app-03","vm-prod-call-center-app-03","Server","Windows server","-","-","-","Windows Server 2022","-","-","-","-","Import","VMware","-","{}","-","-","-","-","6","16384","1","-","windowsguest","-"," -"," -","2026-04-08T15:34:55.1273519Z","2026-04-08T15:34:56.3159497Z","-"," -"," -","-","-","-","[]","-"
"/subscriptions/ed38b697-42b8-4490-b79a-ce682d991625/resourcegroups/rgazmigrat-8/providers/microsoft.offazure/importsites/vmwaremigration5a66importsite/machines/5201b9cc-0279-4000-a001-000000000279","/subscriptions/ed38b697-42b8-4490-b79a-ce682d991625/resourcegroups/rgazmigrat-8/providers/microsoft.offazure/importsites/vmwaremigration5a66importsite/machines/5201b9cc-0279-4000-a001-000000000279","vm-prod-call-center-app-04","vm-prod-call-center-app-04","Server","Windows server","-","-","-","Windows Server 2022","-","-","-","-","Import","VMware","-","{}","-","-","-","-","6","18432","1","-","windowsguest","-"," -"," -","2026-04-08T15:34:55.1273519Z","2026-04-08T15:34:56.3159497Z","-"," -"," -","-","-","-","[]","-"
"/subscriptions/ed38b697-42b8-4490-b79a-ce682d991625/resourcegroups/rgazmigrat-8/providers/microsoft.offazure/importsites/vmwaremigration5a66importsite/machines/5201b9cc-0280-4000-a001-000000000280","/subscriptions/ed38b697-42b8-4490-b79a-ce682d991625/resourcegroups/rgazmigrat-8/providers/microsoft.offazure/importsites/vmwaremigration5a66importsite/machines/5201b9cc-0280-4000-a001-000000000280","vm-prod-call-center-db-01","vm-prod-call-center-db-01","Server","Windows server","-","-","-","Windows Server 2022","-","-","-","-","Import","VMware","-","{}","-","-","-","-","8","32768","1","-","windowsguest","-"," -"," -","2026-04-08T15:34:55.1273519Z","2026-04-08T15:34:56.3159497Z","-"," -"," -","-","-","-","[]","-"
"/subscriptions/ed38b697-42b8-4490-b79a-ce682d991625/resourcegroups/rgazmigrat-8/providers/microsoft.offazure/importsites/vmwaremigration5a66importsite/machines/5201b9cc-0281-4000-a001-000000000281","/subscriptions/ed38b697-42b8-4490-b79a-ce682d991625/resourcegroups/rgazmigrat-8/providers/microsoft.offazure/importsites/vmwaremigration5a66importsite/machines/5201b9cc-0281-4000-a001-000000000281","vm-prod-call-center-db-02","vm-prod-call-center-db-02","Server","Windows server","-","-","-","Windows Server 2019","-","-","-","-","Import","VMware","-","{}","-","-","-","-","8","32768","1","-","windowsguest","-"," -"," -","2026-04-08T15:34:55.1273519Z","2026-04-08T15:34:56.3159497Z","-"," -"," -","-","-","-","[]","-"
"/subscriptions/ed38b697-42b8-4490-b79a-ce682d991625/resourcegroups/rgazmigrat-8/providers/microsoft.offazure/importsites/vmwaremigration5a66importsite/machines/5201b9cc-0272-4000-a001-000000000272","/subscriptions/ed38b697-42b8-4490-b79a-ce682d991625/resourcegroups/rgazmigrat-8/providers/microsoft.offazure/importsites/vmwaremigration5a66importsite/machines/5201b9cc-0272-4000-a001-000000000272","vm-prod-call-center-web-01","vm-prod-call-center-web-01","Server","Windows server","-","-","-","Windows Server 2022","-","-","-","-","Import","VMware","-","{}","-","-","-","-","4","12288","1","-","windowsguest","-"," -"," -","2026-04-08T15:34:55.1273519Z","2026-04-08T15:34:56.3159497Z","-"," -"," -","-","-","-","[]","-"
"/subscriptions/ed38b697-42b8-4490-b79a-ce682d991625/resourcegroups/rgazmigrat-8/providers/microsoft.offazure/importsites/vmwaremigration5a66importsite/machines/5201b9cc-0273-4000-a001-000000000273","/subscriptions/ed38b697-42b8-4490-b79a-ce682d991625/resourcegroups/rgazmigrat-8/providers/microsoft.offazure/importsites/vmwaremigration5a66importsite/machines/5201b9cc-0273-4000-a001-000000000273","vm-prod-call-center-web-02","vm-prod-call-center-web-02","Server","Windows server","-","-","-","Windows Server 2019","-","-","-","-","Import","VMware","-","{}","-","-","-","-","4","14336","1","-","windowsguest","-"," -"," -","2026-04-08T15:34:55.1273519Z","2026-04-08T15:34:56.3159497Z","-"," -"," -","-","-","-","[]","-"
"/subscriptions/ed38b697-42b8-4490-b79a-ce682d991625/resourcegroups/rgazmigrat-8/providers/microsoft.offazure/importsites/vmwaremigration5a66importsite/machines/5201b9cc-0274-4000-a001-000000000274","/subscriptions/ed38b697-42b8-4490-b79a-ce682d991625/resourcegroups/rgazmigrat-8/providers/microsoft.offazure/importsites/vmwaremigration5a66importsite/machines/5201b9cc-0274-4000-a001-000000000274","vm-prod-call-center-web-03","vm-prod-call-center-web-03","Server","Windows server","-","-","-","Windows Server 2022","-","-","-","-","Import","VMware","-","{}","-","-","-","-","4","12288","1","-","windowsguest","-"," -"," -","2026-04-08T15:34:55.1273519Z","2026-04-08T15:34:56.3159497Z","-"," -"," -","-","-","-","[]","-"
"/subscriptions/ed38b697-42b8-4490-b79a-ce682d991625/resourcegroups/rgazmigrat-8/providers/microsoft.offazure/importsites/vmwaremigration5a66importsite/machines/5201b9cc-0275-4000-a001-000000000275","/subscriptions/ed38b697-42b8-4490-b79a-ce682d991625/resourcegroups/rgazmigrat-8/providers/microsoft.offazure/importsites/vmwaremigration5a66importsite/machines/5201b9cc-0275-4000-a001-000000000275","vm-prod-call-center-web-04","vm-prod-call-center-web-04","Server","Windows server","-","-","-","Windows Server 2019","-","-","-","-","Import","VMware","-","{}","-","-","-","-","4","14336","1","-","windowsguest","-"," -"," -","2026-04-08T15:34:55.1273519Z","2026-04-08T15:34:56.3159497Z","-"," -"," -","-","-","-","[]","-"
"/subscriptions/ed38b697-42b8-4490-b79a-ce682d991625/resourcegroups/rgazmigrat-8/providers/microsoft.offazure/importsites/vmwaremigration5a66importsite/machines/5201b9cc-0150-4000-a001-000000000150","/subscriptions/ed38b697-42b8-4490-b79a-ce682d991625/resourcegroups/rgazmigrat-8/providers/microsoft.offazure/importsites/vmwaremigration5a66importsite/machines/5201b9cc-0150-4000-a001-000000000150","vm-prod-citrix-vdi-contro-01","vm-prod-citrix-vdi-contro-01","Server","Windows server","-","-","-","Windows Server 2019","-","-","-","-","Import","VMware","-","{}","-","-","-","-","6","16384","1","-","windowsguest","-"," -"," -","2026-04-08T15:34:55.0648865Z","2026-04-08T15:34:55.142963Z","-"," -"," -","-","-","-","[]","-"
"/subscriptions/ed38b697-42b8-4490-b79a-ce682d991625/resourcegroups/rgazmigrat-8/providers/microsoft.offazure/importsites/vmwaremigration5a66importsite/machines/5201b9cc-0151-4000-a001-000000000151","/subscriptions/ed38b697-42b8-4490-b79a-ce682d991625/resourcegroups/rgazmigrat-8/providers/microsoft.offazure/importsites/vmwaremigration5a66importsite/machines/5201b9cc-0151-4000-a001-000000000151","vm-prod-citrix-vdi-contro-02","vm-prod-citrix-vdi-contro-02","Server","Windows server","-","-","-","Windows Server 2019","-","-","-","-","Import","VMware","-","{}","-","-","-","-","6","16384","1","-","windowsguest","-"," -"," -","2026-04-08T15:34:55.0648865Z","2026-04-08T15:34:55.142963Z","-"," -"," -","-","-","-","[]","-"
"/subscriptions/ed38b697-42b8-4490-b79a-ce682d991625/resourcegroups/rgazmigrat-8/providers/microsoft.offazure/importsites/vmwaremigration5a66importsite/machines/5201b9cc-0179-4000-a001-000000000179","/subscriptions/ed38b697-42b8-4490-b79a-ce682d991625/resourcegroups/rgazmigrat-8/providers/microsoft.offazure/importsites/vmwaremigration5a66importsite/machines/5201b9cc-0179-4000-a001-000000000179","vm-prod-citrix-vdi-db-01","vm-prod-citrix-vdi-db-01","Server","Windows server","-","-","-","Windows Server 2019","-","-","-","-","Import","VMware","-","{}","-","-","-","-","8","32768","1","-","windowsguest","-"," -"," -","2026-04-08T15:34:55.0960996Z","2026-04-08T15:34:55.142963Z","-"," -"," -","-","-","-","[]","-"
"/subscriptions/ed38b697-42b8-4490-b79a-ce682d991625/resourcegroups/rgazmigrat-8/providers/microsoft.offazure/importsites/vmwaremigration5a66importsite/machines/5201b9cc-0180-4000-a001-000000000180","/subscriptions/ed38b697-42b8-4490-b79a-ce682d991625/resourcegroups/rgazmigrat-8/providers/microsoft.offazure/importsites/vmwaremigration5a66importsite/machines/5201b9cc-0180-4000-a001-000000000180","vm-prod-citrix-vdi-db-02","vm-prod-citrix-vdi-db-02","Server","Windows server","-","-","-","Windows Server 2022","-","-","-","-","Import","VMware","-","{}","-","-","-","-","8","32768","1","-","windowsguest","-"," -"," -","2026-04-08T15:34:55.0960996Z","2026-04-08T15:34:55.142963Z","-"," -"," -","-","-","-","[]","-"
"/subscriptions/ed38b697-42b8-4490-b79a-ce682d991625/resourcegroups/rgazmigrat-8/providers/microsoft.offazure/importsites/vmwaremigration5a66importsite/machines/5201b9cc-0154-4000-a001-000000000154","/subscriptions/ed38b697-42b8-4490-b79a-ce682d991625/resourcegroups/rgazmigrat-8/providers/microsoft.offazure/importsites/vmwaremigration5a66importsite/machines/5201b9cc-0154-4000-a001-000000000154","vm-prod-citrix-vdi-licens-01","vm-prod-citrix-vdi-licens-01","Server","Windows server","-","-","-","Windows Server 2019","-","-","-","-","Import","VMware","-","{}","-","-","-","-","2","8192","1","-","windowsguest","-"," -"," -","2026-04-08T15:34:55.0648865Z","2026-04-08T15:34:55.142963Z","-"," -"," -","-","-","-","[]","-"
"/subscriptions/ed38b697-42b8-4490-b79a-ce682d991625/resourcegroups/rgazmigrat-8/providers/microsoft.offazure/importsites/vmwaremigration5a66importsite/machines/5201b9cc-0152-4000-a001-000000000152","/subscriptions/ed38b697-42b8-4490-b79a-ce682d991625/resourcegroups/rgazmigrat-8/providers/microsoft.offazure/importsites/vmwaremigration5a66importsite/machines/5201b9cc-0152-4000-a001-000000000152","vm-prod-citrix-vdi-storef-01","vm-prod-citrix-vdi-storef-01","Server","Windows server","-","-","-","Windows Server 2019","-","-","-","-","Import","VMware","-","{}","-","-","-","-","4","12288","1","-","windowsguest","-"," -"," -","2026-04-08T15:34:55.0648865Z","2026-04-08T15:34:55.142963Z","-"," -"," -","-","-","-","[]","-"
"/subscriptions/ed38b697-42b8-4490-b79a-ce682d991625/resourcegroups/rgazmigrat-8/providers/microsoft.offazure/importsites/vmwaremigration5a66importsite/machines/5201b9cc-0153-4000-a001-000000000153","/subscriptions/ed38b697-42b8-4490-b79a-ce682d991625/resourcegroups/rgazmigrat-8/providers/microsoft.offazure/importsites/vmwaremigration5a66importsite/machines/5201b9cc-0153-4000-a001-000000000153","vm-prod-citrix-vdi-storef-02","vm-prod-citrix-vdi-storef-02","Server","Windows server","-","-","-","Windows Server 2019","-","-","-","-","Import","VMware","-","{}","-","-","-","-","4","12288","1","-","windowsguest","-"," -"," -","2026-04-08T15:34:55.0648865Z","2026-04-08T15:34:55.142963Z","-"," -"," -","-","-","-","[]","-"
"/subscriptions/ed38b697-42b8-4490-b79a-ce682d991625/resourcegroups/rgazmigrat-8/providers/microsoft.offazure/importsites/vmwaremigration5a66importsite/machines/5201b9cc-0155-4000-a001-000000000155","/subscriptions/ed38b697-42b8-4490-b79a-ce682d991625/resourcegroups/rgazmigrat-8/providers/microsoft.offazure/importsites/vmwaremigration5a66importsite/machines/5201b9cc-0155-4000-a001-000000000155","vm-prod-citrix-vdi-worker-01","vm-prod-citrix-vdi-worker-01","Server","Windows server","-","-","-","Windows Server 2019","-","-","-","-","Import","VMware","-","{}","-","-","-","-","4","16384","1","-","windowsguest","-"," -"," -","2026-04-08T15:34:55.0648865Z","2026-04-08T15:34:55.142963Z","-"," -"," -","-","-","-","[]","-"
"/subscriptions/ed38b697-42b8-4490-b79a-ce682d991625/resourcegroups/rgazmigrat-8/providers/microsoft.offazure/importsites/vmwaremigration5a66importsite/machines/5201b9cc-0156-4000-a001-000000000156","/subscriptions/ed38b697-42b8-4490-b79a-ce682d991625/resourcegroups/rgazmigrat-8/providers/microsoft.offazure/importsites/vmwaremigration5a66importsite/machines/5201b9cc-0156-4000-a001-000000000156","vm-prod-citrix-vdi-worker-02","vm-prod-citrix-vdi-worker-02","Server","Windows server","-","-","-","Windows Server 2022","-","-","-","-","Import","VMware","-","{}","-","-","-","-","4","16384","1","-","windowsguest","-"," -"," -","2026-04-08T15:34:55.0648865Z","2026-04-08T15:34:55.142963Z","-"," -"," -","-","-","-","[]","-"
"/subscriptions/ed38b697-42b8-4490-b79a-ce682d991625/resourcegroups/rgazmigrat-8/providers/microsoft.offazure/importsites/vmwaremigration5a66importsite/machines/5201b9cc-0157-4000-a001-000000000157","/subscriptions/ed38b697-42b8-4490-b79a-ce682d991625/resourcegroups/rgazmigrat-8/providers/microsoft.offazure/importsites/vmwaremigration5a66importsite/machines/5201b9cc-0157-4000-a001-000000000157","vm-prod-citrix-vdi-worker-03","vm-prod-citrix-vdi-worker-03","Server","Windows server","-","-","-","Windows Server 2019","-","-","-","-","Import","VMware","-","{}","-","-","-","-","4","16384","1","-","windowsguest","-"," -"," -","2026-04-08T15:34:55.0648865Z","2026-04-08T15:34:55.142963Z","-"," -"," -","-","-","-","[]","-"
"/subscriptions/ed38b697-42b8-4490-b79a-ce682d991625/resourcegroups/rgazmigrat-8/providers/microsoft.offazure/importsites/vmwaremigration5a66importsite/machines/5201b9cc-0158-4000-a001-000000000158","/subscriptions/ed38b697-42b8-4490-b79a-ce682d991625/resourcegroups/rgazmigrat-8/providers/microsoft.offazure/importsites/vmwaremigration5a66importsite/machines/5201b9cc-0158-4000-a001-000000000158","vm-prod-citrix-vdi-worker-04","vm-prod-citrix-vdi-worker-04","Server","Windows server","-","-","-","Windows Server 2022","-","-","-","-","Import","VMware","-","{}","-","-","-","-","4","16384","1","-","windowsguest","-"," -"," -","2026-04-08T15:34:55.0804761Z","2026-04-08T15:34:55.142963Z","-"," -"," -","-","-","-","[]","-"
"/subscriptions/ed38b697-42b8-4490-b79a-ce682d991625/resourcegroups/rgazmigrat-8/providers/microsoft.offazure/importsites/vmwaremigration5a66importsite/machines/5201b9cc-0159-4000-a001-000000000159","/subscriptions/ed38b697-42b8-4490-b79a-ce682d991625/resourcegroups/rgazmigrat-8/providers/microsoft.offazure/importsites/vmwaremigration5a66importsite/machines/5201b9cc-0159-4000-a001-000000000159","vm-prod-citrix-vdi-worker-05","vm-prod-citrix-vdi-worker-05","Server","Windows server","-","-","-","Windows Server 2019","-","-","-","-","Import","VMware","-","{}","-","-","-","-","4","16384","1","-","windowsguest","-"," -"," -","2026-04-08T15:34:55.0804761Z","2026-04-08T15:34:55.142963Z","-"," -"," -","-","-","-","[]","-"
"/subscriptions/ed38b697-42b8-4490-b79a-ce682d991625/resourcegroups/rgazmigrat-8/providers/microsoft.offazure/importsites/vmwaremigration5a66importsite/machines/5201b9cc-0160-4000-a001-000000000160","/subscriptions/ed38b697-42b8-4490-b79a-ce682d991625/resourcegroups/rgazmigrat-8/providers/microsoft.offazure/importsites/vmwaremigration5a66importsite/machines/5201b9cc-0160-4000-a001-000000000160","vm-prod-citrix-vdi-worker-06","vm-prod-citrix-vdi-worker-06","Server","Windows server","-","-","-","Windows Server 2022","-","-","-","-","Import","VMware","-","{}","-","-","-","-","4","16384","1","-","windowsguest","-"," -"," -","2026-04-08T15:34:55.0804761Z","2026-04-08T15:34:55.142963Z","-"," -"," -","-","-","-","[]","-"
"/subscriptions/ed38b697-42b8-4490-b79a-ce682d991625/resourcegroups/rgazmigrat-8/providers/microsoft.offazure/importsites/vmwaremigration5a66importsite/machines/5201b9cc-0161-4000-a001-000000000161","/subscriptions/ed38b697-42b8-4490-b79a-ce682d991625/resourcegroups/rgazmigrat-8/providers/microsoft.offazure/importsites/vmwaremigration5a66importsite/machines/5201b9cc-0161-4000-a001-000000000161","vm-prod-citrix-vdi-worker-07","vm-prod-citrix-vdi-worker-07","Server","Windows server","-","-","-","Windows Server 2019","-","-","-","-","Import","VMware","-","{}","-","-","-","-","4","16384","1","-","windowsguest","-"," -"," -","2026-04-08T15:34:55.0804761Z","2026-04-08T15:34:55.142963Z","-"," -"," -","-","-","-","[]","-"
"/subscriptions/ed38b697-42b8-4490-b79a-ce682d991625/resourcegroups/rgazmigrat-8/providers/microsoft.offazure/importsites/vmwaremigration5a66importsite/machines/5201b9cc-0162-4000-a001-000000000162","/subscriptions/ed38b697-42b8-4490-b79a-ce682d991625/resourcegroups/rgazmigrat-8/providers/microsoft.offazure/importsites/vmwaremigration5a66importsite/machines/5201b9cc-0162-4000-a001-000000000162","vm-prod-citrix-vdi-worker-08","vm-prod-citrix-vdi-worker-08","Server","Windows server","-","-","-","Windows Server 2022","-","-","-","-","Import","VMware","-","{}","-","-","-","-","4","16384","1","-","windowsguest","-"," -"," -","2026-04-08T15:34:55.0804761Z","2026-04-08T15:34:55.142963Z","-"," -"," -","-","-","-","[]","-"
"/subscriptions/ed38b697-42b8-4490-b79a-ce682d991625/resourcegroups/rgazmigrat-8/providers/microsoft.offazure/importsites/vmwaremigration5a66importsite/machines/5201b9cc-0163-4000-a001-000000000163","/subscriptions/ed38b697-42b8-4490-b79a-ce682d991625/resourcegroups/rgazmigrat-8/providers/microsoft.offazure/importsites/vmwaremigration5a66importsite/machines/5201b9cc-0163-4000-a001-000000000163","vm-prod-citrix-vdi-worker-09","vm-prod-citrix-vdi-worker-09","Server","Windows server","-","-","-","Windows Server 2019","-","-","-","-","Import","VMware","-","{}","-","-","-","-","4","16384","1","-","windowsguest","-"," -"," -","2026-04-08T15:34:55.0804761Z","2026-04-08T15:34:55.142963Z","-"," -"," -","-","-","-","[]","-"
"/subscriptions/ed38b697-42b8-4490-b79a-ce682d991625/resourcegroups/rgazmigrat-8/providers/microsoft.offazure/importsites/vmwaremigration5a66importsite/machines/5201b9cc-0164-4000-a001-000000000164","/subscriptions/ed38b697-42b8-4490-b79a-ce682d991625/resourcegroups/rgazmigrat-8/providers/microsoft.offazure/importsites/vmwaremigration5a66importsite/machines/5201b9cc-0164-4000-a001-000000000164","vm-prod-citrix-vdi-worker-10","vm-prod-citrix-vdi-worker-10","Server","Windows server","-","-","-","Windows Server 2022","-","-","-","-","Import","VMware","-","{}","-","-","-","-","4","16384","1","-","windowsguest","-"," -"," -","2026-04-08T15:34:55.0804761Z","2026-04-08T15:34:55.142963Z","-"," -"," -","-","-","-","[]","-"
"/subscriptions/ed38b697-42b8-4490-b79a-ce682d991625/resourcegroups/rgazmigrat-8/providers/microsoft.offazure/importsites/vmwaremigration5a66importsite/machines/5201b9cc-0165-4000-a001-000000000165","/subscriptions/ed38b697-42b8-4490-b79a-ce682d991625/resourcegroups/rgazmigrat-8/providers/microsoft.offazure/importsites/vmwaremigration5a66importsite/machines/5201b9cc-0165-4000-a001-000000000165","vm-prod-citrix-vdi-worker-11","vm-prod-citrix-vdi-worker-11","Server","Windows server","-","-","-","Windows Server 2019","-","-","-","-","Import","VMware","-","{}","-","-","-","-","4","16384","1","-","windowsguest","-"," -"," -","2026-04-08T15:34:55.0804761Z","2026-04-08T15:34:55.142963Z","-"," -"," -","-","-","-","[]","-"
"/subscriptions/ed38b697-42b8-4490-b79a-ce682d991625/resourcegroups/rgazmigrat-8/providers/microsoft.offazure/importsites/vmwaremigration5a66importsite/machines/5201b9cc-0166-4000-a001-000000000166","/subscriptions/ed38b697-42b8-4490-b79a-ce682d991625/resourcegroups/rgazmigrat-8/providers/microsoft.offazure/importsites/vmwaremigration5a66importsite/machines/5201b9cc-0166-4000-a001-000000000166","vm-prod-citrix-vdi-worker-12","vm-prod-citrix-vdi-worker-12","Server","Windows server","-","-","-","Windows Server 2022","-","-","-","-","Import","VMware","-","{}","-","-","-","-","4","16384","1","-","windowsguest","-"," -"," -","2026-04-08T15:34:55.0804761Z","2026-04-08T15:34:55.142963Z","-"," -"," -","-","-","-","[]","-"
"/subscriptions/ed38b697-42b8-4490-b79a-ce682d991625/resourcegroups/rgazmigrat-8/providers/microsoft.offazure/importsites/vmwaremigration5a66importsite/machines/5201b9cc-0167-4000-a001-000000000167","/subscriptions/ed38b697-42b8-4490-b79a-ce682d991625/resourcegroups/rgazmigrat-8/providers/microsoft.offazure/importsites/vmwaremigration5a66importsite/machines/5201b9cc-0167-4000-a001-000000000167","vm-prod-citrix-vdi-worker-13","vm-prod-citrix-vdi-worker-13","Server","Windows server","-","-","-","Windows Server 2019","-","-","-","-","Import","VMware","-","{}","-","-","-","-","4","16384","1","-","windowsguest","-"," -"," -","2026-04-08T15:34:55.0804761Z","2026-04-08T15:34:55.142963Z","-"," -"," -","-","-","-","[]","-"
"/subscriptions/ed38b697-42b8-4490-b79a-ce682d991625/resourcegroups/rgazmigrat-8/providers/microsoft.offazure/importsites/vmwaremigration5a66importsite/machines/5201b9cc-0168-4000-a001-000000000168","/subscriptions/ed38b697-42b8-4490-b79a-ce682d991625/resourcegroups/rgazmigrat-8/providers/microsoft.offazure/importsites/vmwaremigration5a66importsite/machines/5201b9cc-0168-4000-a001-000000000168","vm-prod-citrix-vdi-worker-14","vm-prod-citrix-vdi-worker-14","Server","Windows server","-","-","-","Windows Server 2022","-","-","-","-","Import","VMware","-","{}","-","-","-","-","4","16384","1","-","windowsguest","-"," -"," -","2026-04-08T15:34:55.0804761Z","2026-04-08T15:34:55.142963Z","-"," -"," -","-","-","-","[]","-"
"/subscriptions/ed38b697-42b8-4490-b79a-ce682d991625/resourcegroups/rgazmigrat-8/providers/microsoft.offazure/importsites/vmwaremigration5a66importsite/machines/5201b9cc-0169-4000-a001-000000000169","/subscriptions/ed38b697-42b8-4490-b79a-ce682d991625/resourcegroups/rgazmigrat-8/providers/microsoft.offazure/importsites/vmwaremigration5a66importsite/machines/5201b9cc-0169-4000-a001-000000000169","vm-prod-citrix-vdi-worker-15","vm-prod-citrix-vdi-worker-15","Server","Windows server","-","-","-","Windows Server 2019","-","-","-","-","Import","VMware","-","{}","-","-","-","-","4","16384","1","-","windowsguest","-"," -"," -","2026-04-08T15:34:55.0804761Z","2026-04-08T15:34:55.142963Z","-"," -"," -","-","-","-","[]","-"
"/subscriptions/ed38b697-42b8-4490-b79a-ce682d991625/resourcegroups/rgazmigrat-8/providers/microsoft.offazure/importsites/vmwaremigration5a66importsite/machines/5201b9cc-0170-4000-a001-000000000170","/subscriptions/ed38b697-42b8-4490-b79a-ce682d991625/resourcegroups/rgazmigrat-8/providers/microsoft.offazure/importsites/vmwaremigration5a66importsite/machines/5201b9cc-0170-4000-a001-000000000170","vm-prod-citrix-vdi-worker-16","vm-prod-citrix-vdi-worker-16","Server","Windows server","-","-","-","Windows Server 2022","-","-","-","-","Import","VMware","-","{}","-","-","-","-","4","16384","1","-","windowsguest","-"," -"," -","2026-04-08T15:34:55.0804761Z","2026-04-08T15:34:55.142963Z","-"," -"," -","-","-","-","[]","-"
"/subscriptions/ed38b697-42b8-4490-b79a-ce682d991625/resourcegroups/rgazmigrat-8/providers/microsoft.offazure/importsites/vmwaremigration5a66importsite/machines/5201b9cc-0171-4000-a001-000000000171","/subscriptions/ed38b697-42b8-4490-b79a-ce682d991625/resourcegroups/rgazmigrat-8/providers/microsoft.offazure/importsites/vmwaremigration5a66importsite/machines/5201b9cc-0171-4000-a001-000000000171","vm-prod-citrix-vdi-worker-17","vm-prod-citrix-vdi-worker-17","Server","Windows server","-","-","-","Windows Server 2019","-","-","-","-","Import","VMware","-","{}","-","-","-","-","4","16384","1","-","windowsguest","-"," -"," -","2026-04-08T15:34:55.0804761Z","2026-04-08T15:34:55.142963Z","-"," -"," -","-","-","-","[]","-"
"/subscriptions/ed38b697-42b8-4490-b79a-ce682d991625/resourcegroups/rgazmigrat-8/providers/microsoft.offazure/importsites/vmwaremigration5a66importsite/machines/5201b9cc-0172-4000-a001-000000000172","/subscriptions/ed38b697-42b8-4490-b79a-ce682d991625/resourcegroups/rgazmigrat-8/providers/microsoft.offazure/importsites/vmwaremigration5a66importsite/machines/5201b9cc-0172-4000-a001-000000000172","vm-prod-citrix-vdi-worker-18","vm-prod-citrix-vdi-worker-18","Server","Windows server","-","-","-","Windows Server 2022","-","-","-","-","Import","VMware","-","{}","-","-","-","-","4","16384","1","-","windowsguest","-"," -"," -","2026-04-08T15:34:55.0804761Z","2026-04-08T15:34:55.142963Z","-"," -"," -","-","-","-","[]","-"
"/subscriptions/ed38b697-42b8-4490-b79a-ce682d991625/resourcegroups/rgazmigrat-8/providers/microsoft.offazure/importsites/vmwaremigration5a66importsite/machines/5201b9cc-0173-4000-a001-000000000173","/subscriptions/ed38b697-42b8-4490-b79a-ce682d991625/resourcegroups/rgazmigrat-8/providers/microsoft.offazure/importsites/vmwaremigration5a66importsite/machines/5201b9cc-0173-4000-a001-000000000173","vm-prod-citrix-vdi-worker-19","vm-prod-citrix-vdi-worker-19","Server","Windows server","-","-","-","Windows Server 2019","-","-","-","-","Import","VMware","-","{}","-","-","-","-","4","16384","1","-","windowsguest","-"," -"," -","2026-04-08T15:34:55.0804761Z","2026-04-08T15:34:55.142963Z","-"," -"," -","-","-","-","[]","-"
"/subscriptions/ed38b697-42b8-4490-b79a-ce682d991625/resourcegroups/rgazmigrat-8/providers/microsoft.offazure/importsites/vmwaremigration5a66importsite/machines/5201b9cc-0174-4000-a001-000000000174","/subscriptions/ed38b697-42b8-4490-b79a-ce682d991625/resourcegroups/rgazmigrat-8/providers/microsoft.offazure/importsites/vmwaremigration5a66importsite/machines/5201b9cc-0174-4000-a001-000000000174","vm-prod-citrix-vdi-worker-20","vm-prod-citrix-vdi-worker-20","Server","Windows server","-","-","-","Windows Server 2022","-","-","-","-","Import","VMware","-","{}","-","-","-","-","4","16384","1","-","windowsguest","-"," -"," -","2026-04-08T15:34:55.0804761Z","2026-04-08T15:34:55.142963Z","-"," -"," -","-","-","-","[]","-"
"/subscriptions/ed38b697-42b8-4490-b79a-ce682d991625/resourcegroups/rgazmigrat-8/providers/microsoft.offazure/importsites/vmwaremigration5a66importsite/machines/5201b9cc-0175-4000-a001-000000000175","/subscriptions/ed38b697-42b8-4490-b79a-ce682d991625/resourcegroups/rgazmigrat-8/providers/microsoft.offazure/importsites/vmwaremigration5a66importsite/machines/5201b9cc-0175-4000-a001-000000000175","vm-prod-citrix-vdi-worker-21","vm-prod-citrix-vdi-worker-21","Server","Windows server","-","-","-","Windows Server 2019","-","-","-","-","Import","VMware","-","{}","-","-","-","-","4","16384","1","-","windowsguest","-"," -"," -","2026-04-08T15:34:55.0960996Z","2026-04-08T15:34:55.142963Z","-"," -"," -","-","-","-","[]","-"
"/subscriptions/ed38b697-42b8-4490-b79a-ce682d991625/resourcegroups/rgazmigrat-8/providers/microsoft.offazure/importsites/vmwaremigration5a66importsite/machines/5201b9cc-0176-4000-a001-000000000176","/subscriptions/ed38b697-42b8-4490-b79a-ce682d991625/resourcegroups/rgazmigrat-8/providers/microsoft.offazure/importsites/vmwaremigration5a66importsite/machines/5201b9cc-0176-4000-a001-000000000176","vm-prod-citrix-vdi-worker-22","vm-prod-citrix-vdi-worker-22","Server","Windows server","-","-","-","Windows Server 2022","-","-","-","-","Import","VMware","-","{}","-","-","-","-","4","16384","1","-","windowsguest","-"," -"," -","2026-04-08T15:34:55.0960996Z","2026-04-08T15:34:55.142963Z","-"," -"," -","-","-","-","[]","-"
"/subscriptions/ed38b697-42b8-4490-b79a-ce682d991625/resourcegroups/rgazmigrat-8/providers/microsoft.offazure/importsites/vmwaremigration5a66importsite/machines/5201b9cc-0177-4000-a001-000000000177","/subscriptions/ed38b697-42b8-4490-b79a-ce682d991625/resourcegroups/rgazmigrat-8/providers/microsoft.offazure/importsites/vmwaremigration5a66importsite/machines/5201b9cc-0177-4000-a001-000000000177","vm-prod-citrix-vdi-worker-23","vm-prod-citrix-vdi-worker-23","Server","Windows server","-","-","-","Windows Server 2019","-","-","-","-","Import","VMware","-","{}","-","-","-","-","4","16384","1","-","windowsguest","-"," -"," -","2026-04-08T15:34:55.0960996Z","2026-04-08T15:34:55.142963Z","-"," -"," -","-","-","-","[]","-"
"/subscriptions/ed38b697-42b8-4490-b79a-ce682d991625/resourcegroups/rgazmigrat-8/providers/microsoft.offazure/importsites/vmwaremigration5a66importsite/machines/5201b9cc-0178-4000-a001-000000000178","/subscriptions/ed38b697-42b8-4490-b79a-ce682d991625/resourcegroups/rgazmigrat-8/providers/microsoft.offazure/importsites/vmwaremigration5a66importsite/machines/5201b9cc-0178-4000-a001-000000000178","vm-prod-citrix-vdi-worker-24","vm-prod-citrix-vdi-worker-24","Server","Windows server","-","-","-","Windows Server 2022","-","-","-","-","Import","VMware","-","{}","-","-","-","-","4","16384","1","-","windowsguest","-"," -"," -","2026-04-08T15:34:55.0960996Z","2026-04-08T15:34:55.142963Z","-"," -"," -","-","-","-","[]","-"
"/subscriptions/ed38b697-42b8-4490-b79a-ce682d991625/resourcegroups/rgazmigrat-8/providers/microsoft.offazure/importsites/vmwaremigration5a66importsite/machines/5201b9cc-0212-4000-a001-000000000212","/subscriptions/ed38b697-42b8-4490-b79a-ce682d991625/resourcegroups/rgazmigrat-8/providers/microsoft.offazure/importsites/vmwaremigration5a66importsite/machines/5201b9cc-0212-4000-a001-000000000212","vm-prod-claims-core-api-01","vm-prod-claims-core-api-01","Server","Linux server","-","-","-","Red Hat Enterprise Linux 8","-","-","-","-","Import","VMware","-","{}","-","-","-","-","8","16384","1","-","linuxguest","-"," -"," -","2026-04-08T15:34:55.0960996Z","2026-04-08T15:34:56.3159497Z","-"," -"," -","-","-","-","[]","-"
"/subscriptions/ed38b697-42b8-4490-b79a-ce682d991625/resourcegroups/rgazmigrat-8/providers/microsoft.offazure/importsites/vmwaremigration5a66importsite/machines/5201b9cc-0213-4000-a001-000000000213","/subscriptions/ed38b697-42b8-4490-b79a-ce682d991625/resourcegroups/rgazmigrat-8/providers/microsoft.offazure/importsites/vmwaremigration5a66importsite/machines/5201b9cc-0213-4000-a001-000000000213","vm-prod-claims-core-api-02","vm-prod-claims-core-api-02","Server","Linux server","-","-","-","Ubuntu","-","-","-","-","Import","VMware","-","{}","-","-","-","-","8","16384","1","-","linuxguest","-"," -"," -","2026-04-08T15:34:55.0960996Z","2026-04-08T15:34:56.3159497Z","-"," -"," -","-","-","-","[]","-"
"/subscriptions/ed38b697-42b8-4490-b79a-ce682d991625/resourcegroups/rgazmigrat-8/providers/microsoft.offazure/importsites/vmwaremigration5a66importsite/machines/5201b9cc-0214-4000-a001-000000000214","/subscriptions/ed38b697-42b8-4490-b79a-ce682d991625/resourcegroups/rgazmigrat-8/providers/microsoft.offazure/importsites/vmwaremigration5a66importsite/machines/5201b9cc-0214-4000-a001-000000000214","vm-prod-claims-core-api-03","vm-prod-claims-core-api-03","Server","Linux server","-","-","-","Red Hat Enterprise Linux 8","-","-","-","-","Import","VMware","-","{}","-","-","-","-","9","16384","1","-","linuxguest","-"," -"," -","2026-04-08T15:34:55.0960996Z","2026-04-08T15:34:56.3159497Z","-"," -"," -","-","-","-","[]","-"
"/subscriptions/ed38b697-42b8-4490-b79a-ce682d991625/resourcegroups/rgazmigrat-8/providers/microsoft.offazure/importsites/vmwaremigration5a66importsite/machines/5201b9cc-0215-4000-a001-000000000215","/subscriptions/ed38b697-42b8-4490-b79a-ce682d991625/resourcegroups/rgazmigrat-8/providers/microsoft.offazure/importsites/vmwaremigration5a66importsite/machines/5201b9cc-0215-4000-a001-000000000215","vm-prod-claims-core-api-04","vm-prod-claims-core-api-04","Server","Linux server","-","-","-","Ubuntu","-","-","-","-","Import","VMware","-","{}","-","-","-","-","8","16384","1","-","linuxguest","-"," -"," -","2026-04-08T15:34:55.0960996Z","2026-04-08T15:34:56.3159497Z","-"," -"," -","-","-","-","[]","-"
"/subscriptions/ed38b697-42b8-4490-b79a-ce682d991625/resourcegroups/rgazmigrat-8/providers/microsoft.offazure/importsites/vmwaremigration5a66importsite/machines/5201b9cc-0216-4000-a001-000000000216","/subscriptions/ed38b697-42b8-4490-b79a-ce682d991625/resourcegroups/rgazmigrat-8/providers/microsoft.offazure/importsites/vmwaremigration5a66importsite/machines/5201b9cc-0216-4000-a001-000000000216","vm-prod-claims-core-db-01","vm-prod-claims-core-db-01","Server","Linux server","-","-","-","Ubuntu","-","-","-","-","Import","VMware","-","{}","-","-","-","-","12","32768","1","-","linuxguest","-"," -"," -","2026-04-08T15:34:55.0960996Z","2026-04-08T15:34:56.3159497Z","-"," -"," -","-","-","-","[]","-"
"/subscriptions/ed38b697-42b8-4490-b79a-ce682d991625/resourcegroups/rgazmigrat-8/providers/microsoft.offazure/importsites/vmwaremigration5a66importsite/machines/5201b9cc-0217-4000-a001-000000000217","/subscriptions/ed38b697-42b8-4490-b79a-ce682d991625/resourcegroups/rgazmigrat-8/providers/microsoft.offazure/importsites/vmwaremigration5a66importsite/machines/5201b9cc-0217-4000-a001-000000000217","vm-prod-claims-core-db-02","vm-prod-claims-core-db-02","Server","Linux server","-","-","-","Ubuntu","-","-","-","-","Import","VMware","-","{}","-","-","-","-","12","32768","1","-","linuxguest","-"," -"," -","2026-04-08T15:34:55.0960996Z","2026-04-08T15:34:56.3159497Z","-"," -"," -","-","-","-","[]","-"
"/subscriptions/ed38b697-42b8-4490-b79a-ce682d991625/resourcegroups/rgazmigrat-8/providers/microsoft.offazure/importsites/vmwaremigration5a66importsite/machines/5201b9cc-0208-4000-a001-000000000208","/subscriptions/ed38b697-42b8-4490-b79a-ce682d991625/resourcegroups/rgazmigrat-8/providers/microsoft.offazure/importsites/vmwaremigration5a66importsite/machines/5201b9cc-0208-4000-a001-000000000208","vm-prod-claims-core-web-01","vm-prod-claims-core-web-01","Server","Windows server","-","-","-","Windows Server 2022","-","-","-","-","Import","VMware","-","{}","-","-","-","-","4","12288","1","-","windowsguest","-"," -"," -","2026-04-08T15:34:55.0960996Z","2026-04-08T15:34:56.3159497Z","-"," -"," -","-","-","-","[]","-"
"/subscriptions/ed38b697-42b8-4490-b79a-ce682d991625/resourcegroups/rgazmigrat-8/providers/microsoft.offazure/importsites/vmwaremigration5a66importsite/machines/5201b9cc-0209-4000-a001-000000000209","/subscriptions/ed38b697-42b8-4490-b79a-ce682d991625/resourcegroups/rgazmigrat-8/providers/microsoft.offazure/importsites/vmwaremigration5a66importsite/machines/5201b9cc-0209-4000-a001-000000000209","vm-prod-claims-core-web-02","vm-prod-claims-core-web-02","Server","Windows server","-","-","-","Windows Server 2019","-","-","-","-","Import","VMware","-","{}","-","-","-","-","4","14336","1","-","windowsguest","-"," -"," -","2026-04-08T15:34:55.0960996Z","2026-04-08T15:34:56.3159497Z","-"," -"," -","-","-","-","[]","-"
"/subscriptions/ed38b697-42b8-4490-b79a-ce682d991625/resourcegroups/rgazmigrat-8/providers/microsoft.offazure/importsites/vmwaremigration5a66importsite/machines/5201b9cc-0210-4000-a001-000000000210","/subscriptions/ed38b697-42b8-4490-b79a-ce682d991625/resourcegroups/rgazmigrat-8/providers/microsoft.offazure/importsites/vmwaremigration5a66importsite/machines/5201b9cc-0210-4000-a001-000000000210","vm-prod-claims-core-web-03","vm-prod-claims-core-web-03","Server","Windows server","-","-","-","Windows Server 2022","-","-","-","-","Import","VMware","-","{}","-","-","-","-","4","12288","1","-","windowsguest","-"," -"," -","2026-04-08T15:34:55.0960996Z","2026-04-08T15:34:56.3159497Z","-"," -"," -","-","-","-","[]","-"
"/subscriptions/ed38b697-42b8-4490-b79a-ce682d991625/resourcegroups/rgazmigrat-8/providers/microsoft.offazure/importsites/vmwaremigration5a66importsite/machines/5201b9cc-0211-4000-a001-000000000211","/subscriptions/ed38b697-42b8-4490-b79a-ce682d991625/resourcegroups/rgazmigrat-8/providers/microsoft.offazure/importsites/vmwaremigration5a66importsite/machines/5201b9cc-0211-4000-a001-000000000211","vm-prod-claims-core-web-04","vm-prod-claims-core-web-04","Server","Windows server","-","-","-","Windows Server 2019","-","-","-","-","Import","VMware","-","{}","-","-","-","-","4","14336","1","-","windowsguest","-"," -"," -","2026-04-08T15:34:55.0960996Z","2026-04-08T15:34:56.3159497Z","-"," -"," -","-","-","-","[]","-"
"/subscriptions/ed38b697-42b8-4490-b79a-ce682d991625/resourcegroups/rgazmigrat-8/providers/microsoft.offazure/importsites/vmwaremigration5a66importsite/machines/5201b9cc-0106-4000-a001-000000000106","/subscriptions/ed38b697-42b8-4490-b79a-ce682d991625/resourcegroups/rgazmigrat-8/providers/microsoft.offazure/importsites/vmwaremigration5a66importsite/machines/5201b9cc-0106-4000-a001-000000000106","vm-prod-commerce-java-app-01","vm-prod-commerce-java-app-01","Server","Windows server","-","-","-","Windows Server 2019","-","-","-","-","Import","VMware","-","{}","-","-","-","-","8","24576","1","-","windowsguest","-"," -"," -","2026-04-08T15:34:55.0492541Z","2026-04-08T15:34:55.142963Z","-"," -"," -","-","-","-","[]","-"
"/subscriptions/ed38b697-42b8-4490-b79a-ce682d991625/resourcegroups/rgazmigrat-8/providers/microsoft.offazure/importsites/vmwaremigration5a66importsite/machines/5201b9cc-0107-4000-a001-000000000107","/subscriptions/ed38b697-42b8-4490-b79a-ce682d991625/resourcegroups/rgazmigrat-8/providers/microsoft.offazure/importsites/vmwaremigration5a66importsite/machines/5201b9cc-0107-4000-a001-000000000107","vm-prod-commerce-java-app-02","vm-prod-commerce-java-app-02","Server","Linux server","-","-","-","Red Hat Enterprise Linux 8","-","-","-","-","Import","VMware","-","{}","-","-","-","-","8","24576","1","-","linuxguest","-"," -"," -","2026-04-08T15:34:55.0492541Z","2026-04-08T15:34:55.142963Z","-"," -"," -","-","-","-","[]","-"
"/subscriptions/ed38b697-42b8-4490-b79a-ce682d991625/resourcegroups/rgazmigrat-8/providers/microsoft.offazure/importsites/vmwaremigration5a66importsite/machines/5201b9cc-0108-4000-a001-000000000108","/subscriptions/ed38b697-42b8-4490-b79a-ce682d991625/resourcegroups/rgazmigrat-8/providers/microsoft.offazure/importsites/vmwaremigration5a66importsite/machines/5201b9cc-0108-4000-a001-000000000108","vm-prod-commerce-java-app-03","vm-prod-commerce-java-app-03","Server","Windows server","-","-","-","Windows Server 2019","-","-","-","-","Import","VMware","-","{}","-","-","-","-","9","24576","1","-","windowsguest","-"," -"," -","2026-04-08T15:34:55.0492541Z","2026-04-08T15:34:55.142963Z","-"," -"," -","-","-","-","[]","-"
"/subscriptions/ed38b697-42b8-4490-b79a-ce682d991625/resourcegroups/rgazmigrat-8/providers/microsoft.offazure/importsites/vmwaremigration5a66importsite/machines/5201b9cc-0109-4000-a001-000000000109","/subscriptions/ed38b697-42b8-4490-b79a-ce682d991625/resourcegroups/rgazmigrat-8/providers/microsoft.offazure/importsites/vmwaremigration5a66importsite/machines/5201b9cc-0109-4000-a001-000000000109","vm-prod-commerce-java-app-04","vm-prod-commerce-java-app-04","Server","Linux server","-","-","-","Red Hat Enterprise Linux 8","-","-","-","-","Import","VMware","-","{}","-","-","-","-","8","24576","1","-","linuxguest","-"," -"," -","2026-04-08T15:34:55.0492541Z","2026-04-08T15:34:55.142963Z","-"," -"," -","-","-","-","[]","-"
"/subscriptions/ed38b697-42b8-4490-b79a-ce682d991625/resourcegroups/rgazmigrat-8/providers/microsoft.offazure/importsites/vmwaremigration5a66importsite/machines/5201b9cc-0110-4000-a001-000000000110","/subscriptions/ed38b697-42b8-4490-b79a-ce682d991625/resourcegroups/rgazmigrat-8/providers/microsoft.offazure/importsites/vmwaremigration5a66importsite/machines/5201b9cc-0110-4000-a001-000000000110","vm-prod-commerce-java-app-05","vm-prod-commerce-java-app-05","Server","Windows server","-","-","-","Windows Server 2019","-","-","-","-","Import","VMware","-","{}","-","-","-","-","8","24576","1","-","windowsguest","-"," -"," -","2026-04-08T15:34:55.0492541Z","2026-04-08T15:34:55.142963Z","-"," -"," -","-","-","-","[]","-"
"/subscriptions/ed38b697-42b8-4490-b79a-ce682d991625/resourcegroups/rgazmigrat-8/providers/microsoft.offazure/importsites/vmwaremigration5a66importsite/machines/5201b9cc-0111-4000-a001-000000000111","/subscriptions/ed38b697-42b8-4490-b79a-ce682d991625/resourcegroups/rgazmigrat-8/providers/microsoft.offazure/importsites/vmwaremigration5a66importsite/machines/5201b9cc-0111-4000-a001-000000000111","vm-prod-commerce-java-app-06","vm-prod-commerce-java-app-06","Server","Linux server","-","-","-","Red Hat Enterprise Linux 8","-","-","-","-","Import","VMware","-","{}","-","-","-","-","9","24576","1","-","linuxguest","-"," -"," -","2026-04-08T15:34:55.0492541Z","2026-04-08T15:34:55.142963Z","-"," -"," -","-","-","-","[]","-"
"/subscriptions/ed38b697-42b8-4490-b79a-ce682d991625/resourcegroups/rgazmigrat-8/providers/microsoft.offazure/importsites/vmwaremigration5a66importsite/machines/5201b9cc-0112-4000-a001-000000000112","/subscriptions/ed38b697-42b8-4490-b79a-ce682d991625/resourcegroups/rgazmigrat-8/providers/microsoft.offazure/importsites/vmwaremigration5a66importsite/machines/5201b9cc-0112-4000-a001-000000000112","vm-prod-commerce-java-db-01","vm-prod-commerce-java-db-01","Server","Windows server","-","-","-","Windows Server 2019","-","-","-","-","Import","VMware","-","{}","-","-","-","-","16","65536","1","-","windowsguest","-"," -"," -","2026-04-08T15:34:55.0492541Z","2026-04-08T15:34:55.142963Z","-"," -"," -","-","-","-","[]","-"
"/subscriptions/ed38b697-42b8-4490-b79a-ce682d991625/resourcegroups/rgazmigrat-8/providers/microsoft.offazure/importsites/vmwaremigration5a66importsite/machines/5201b9cc-0113-4000-a001-000000000113","/subscriptions/ed38b697-42b8-4490-b79a-ce682d991625/resourcegroups/rgazmigrat-8/providers/microsoft.offazure/importsites/vmwaremigration5a66importsite/machines/5201b9cc-0113-4000-a001-000000000113","vm-prod-commerce-java-db-02","vm-prod-commerce-java-db-02","Server","Windows server","-","-","-","Windows Server 2022","-","-","-","-","Import","VMware","-","{}","-","-","-","-","16","65536","1","-","windowsguest","-"," -"," -","2026-04-08T15:34:55.0492541Z","2026-04-08T15:34:55.142963Z","-"," -"," -","-","-","-","[]","-"
"/subscriptions/ed38b697-42b8-4490-b79a-ce682d991625/resourcegroups/rgazmigrat-8/providers/microsoft.offazure/importsites/vmwaremigration5a66importsite/machines/5201b9cc-0100-4000-a001-000000000100","/subscriptions/ed38b697-42b8-4490-b79a-ce682d991625/resourcegroups/rgazmigrat-8/providers/microsoft.offazure/importsites/vmwaremigration5a66importsite/machines/5201b9cc-0100-4000-a001-000000000100","vm-prod-commerce-java-web-01","vm-prod-commerce-java-web-01","Server","Windows server","-","-","-","Windows Server 2019","-","-","-","-","Import","VMware","-","{}","-","-","-","-","4","16384","1","-","windowsguest","-"," -"," -","2026-04-08T15:34:55.0492541Z","2026-04-08T15:34:55.142963Z","-"," -"," -","-","-","-","[]","-"
"/subscriptions/ed38b697-42b8-4490-b79a-ce682d991625/resourcegroups/rgazmigrat-8/providers/microsoft.offazure/importsites/vmwaremigration5a66importsite/machines/5201b9cc-0101-4000-a001-000000000101","/subscriptions/ed38b697-42b8-4490-b79a-ce682d991625/resourcegroups/rgazmigrat-8/providers/microsoft.offazure/importsites/vmwaremigration5a66importsite/machines/5201b9cc-0101-4000-a001-000000000101","vm-prod-commerce-java-web-02","vm-prod-commerce-java-web-02","Server","Windows server","-","-","-","Windows Server 2022","-","-","-","-","Import","VMware","-","{}","-","-","-","-","4","18432","1","-","windowsguest","-"," -"," -","2026-04-08T15:34:55.0492541Z","2026-04-08T15:34:55.142963Z","-"," -"," -","-","-","-","[]","-"
"/subscriptions/ed38b697-42b8-4490-b79a-ce682d991625/resourcegroups/rgazmigrat-8/providers/microsoft.offazure/importsites/vmwaremigration5a66importsite/machines/5201b9cc-0102-4000-a001-000000000102","/subscriptions/ed38b697-42b8-4490-b79a-ce682d991625/resourcegroups/rgazmigrat-8/providers/microsoft.offazure/importsites/vmwaremigration5a66importsite/machines/5201b9cc-0102-4000-a001-000000000102","vm-prod-commerce-java-web-03","vm-prod-commerce-java-web-03","Server","Windows server","-","-","-","Windows Server 2019","-","-","-","-","Import","VMware","-","{}","-","-","-","-","4","16384","1","-","windowsguest","-"," -"," -","2026-04-08T15:34:55.0492541Z","2026-04-08T15:34:55.142963Z","-"," -"," -","-","-","-","[]","-"
"/subscriptions/ed38b697-42b8-4490-b79a-ce682d991625/resourcegroups/rgazmigrat-8/providers/microsoft.offazure/importsites/vmwaremigration5a66importsite/machines/5201b9cc-0103-4000-a001-000000000103","/subscriptions/ed38b697-42b8-4490-b79a-ce682d991625/resourcegroups/rgazmigrat-8/providers/microsoft.offazure/importsites/vmwaremigration5a66importsite/machines/5201b9cc-0103-4000-a001-000000000103","vm-prod-commerce-java-web-04","vm-prod-commerce-java-web-04","Server","Windows server","-","-","-","Windows Server 2022","-","-","-","-","Import","VMware","-","{}","-","-","-","-","4","18432","1","-","windowsguest","-"," -"," -","2026-04-08T15:34:55.0492541Z","2026-04-08T15:34:55.142963Z","-"," -"," -","-","-","-","[]","-"
"/subscriptions/ed38b697-42b8-4490-b79a-ce682d991625/resourcegroups/rgazmigrat-8/providers/microsoft.offazure/importsites/vmwaremigration5a66importsite/machines/5201b9cc-0104-4000-a001-000000000104","/subscriptions/ed38b697-42b8-4490-b79a-ce682d991625/resourcegroups/rgazmigrat-8/providers/microsoft.offazure/importsites/vmwaremigration5a66importsite/machines/5201b9cc-0104-4000-a001-000000000104","vm-prod-commerce-java-web-05","vm-prod-commerce-java-web-05","Server","Windows server","-","-","-","Windows Server 2019","-","-","-","-","Import","VMware","-","{}","-","-","-","-","4","16384","1","-","windowsguest","-"," -"," -","2026-04-08T15:34:55.0492541Z","2026-04-08T15:34:55.142963Z","-"," -"," -","-","-","-","[]","-"
"/subscriptions/ed38b697-42b8-4490-b79a-ce682d991625/resourcegroups/rgazmigrat-8/providers/microsoft.offazure/importsites/vmwaremigration5a66importsite/machines/5201b9cc-0105-4000-a001-000000000105","/subscriptions/ed38b697-42b8-4490-b79a-ce682d991625/resourcegroups/rgazmigrat-8/providers/microsoft.offazure/importsites/vmwaremigration5a66importsite/machines/5201b9cc-0105-4000-a001-000000000105","vm-prod-commerce-java-web-06","vm-prod-commerce-java-web-06","Server","Windows server","-","-","-","Windows Server 2022","-","-","-","-","Import","VMware","-","{}","-","-","-","-","4","18432","1","-","windowsguest","-"," -"," -","2026-04-08T15:34:55.0492541Z","2026-04-08T15:34:55.142963Z","-"," -"," -","-","-","-","[]","-"
"/subscriptions/ed38b697-42b8-4490-b79a-ce682d991625/resourcegroups/rgazmigrat-8/providers/microsoft.offazure/importsites/vmwaremigration5a66importsite/machines/5201b9cc-0250-4000-a001-000000000250","/subscriptions/ed38b697-42b8-4490-b79a-ce682d991625/resourcegroups/rgazmigrat-8/providers/microsoft.offazure/importsites/vmwaremigration5a66importsite/machines/5201b9cc-0250-4000-a001-000000000250","vm-prod-data-warehouse-db-01","vm-prod-data-warehouse-db-01","Server","Windows server","-","-","-","Windows Server 2022","-","-","-","-","Import","VMware","-","{}","-","-","-","-","16","65536","1","-","windowsguest","-"," -"," -","2026-04-08T15:34:55.1117163Z","2026-04-08T15:34:56.3159497Z","-"," -"," -","-","-","-","[]","-"
"/subscriptions/ed38b697-42b8-4490-b79a-ce682d991625/resourcegroups/rgazmigrat-8/providers/microsoft.offazure/importsites/vmwaremigration5a66importsite/machines/5201b9cc-0251-4000-a001-000000000251","/subscriptions/ed38b697-42b8-4490-b79a-ce682d991625/resourcegroups/rgazmigrat-8/providers/microsoft.offazure/importsites/vmwaremigration5a66importsite/machines/5201b9cc-0251-4000-a001-000000000251","vm-prod-data-warehouse-db-02","vm-prod-data-warehouse-db-02","Server","Windows server","-","-","-","Windows Server 2019","-","-","-","-","Import","VMware","-","{}","-","-","-","-","16","65536","1","-","windowsguest","-"," -"," -","2026-04-08T15:34:55.1117163Z","2026-04-08T15:34:56.3159497Z","-"," -"," -","-","-","-","[]","-"
"/subscriptions/ed38b697-42b8-4490-b79a-ce682d991625/resourcegroups/rgazmigrat-8/providers/microsoft.offazure/importsites/vmwaremigration5a66importsite/machines/5201b9cc-0242-4000-a001-000000000242","/subscriptions/ed38b697-42b8-4490-b79a-ce682d991625/resourcegroups/rgazmigrat-8/providers/microsoft.offazure/importsites/vmwaremigration5a66importsite/machines/5201b9cc-0242-4000-a001-000000000242","vm-prod-data-warehouse-etl-01","vm-prod-data-warehouse-etl-01","Server","Linux server","-","-","-","Rocky Linux 9 (64-bit)","-","-","-","-","Import","VMware","-","{}","-","-","-","-","8","24576","1","-","linuxguest","-"," -"," -","2026-04-08T15:34:55.1117163Z","2026-04-08T15:34:56.3159497Z","-"," -"," -","-","-","-","[]","-"
"/subscriptions/ed38b697-42b8-4490-b79a-ce682d991625/resourcegroups/rgazmigrat-8/providers/microsoft.offazure/importsites/vmwaremigration5a66importsite/machines/5201b9cc-0243-4000-a001-000000000243","/subscriptions/ed38b697-42b8-4490-b79a-ce682d991625/resourcegroups/rgazmigrat-8/providers/microsoft.offazure/importsites/vmwaremigration5a66importsite/machines/5201b9cc-0243-4000-a001-000000000243","vm-prod-data-warehouse-etl-02","vm-prod-data-warehouse-etl-02","Server","Linux server","-","-","-","Rocky Linux 9 (64-bit)","-","-","-","-","Import","VMware","-","{}","-","-","-","-","8","24576","1","-","linuxguest","-"," -"," -","2026-04-08T15:34:55.1117163Z","2026-04-08T15:34:56.3159497Z","-"," -"," -","-","-","-","[]","-"
"/subscriptions/ed38b697-42b8-4490-b79a-ce682d991625/resourcegroups/rgazmigrat-8/providers/microsoft.offazure/importsites/vmwaremigration5a66importsite/machines/5201b9cc-0244-4000-a001-000000000244","/subscriptions/ed38b697-42b8-4490-b79a-ce682d991625/resourcegroups/rgazmigrat-8/providers/microsoft.offazure/importsites/vmwaremigration5a66importsite/machines/5201b9cc-0244-4000-a001-000000000244","vm-prod-data-warehouse-etl-03","vm-prod-data-warehouse-etl-03","Server","Linux server","-","-","-","Rocky Linux 9 (64-bit)","-","-","-","-","Import","VMware","-","{}","-","-","-","-","9","24576","1","-","linuxguest","-"," -"," -","2026-04-08T15:34:55.1117163Z","2026-04-08T15:34:56.3159497Z","-"," -"," -","-","-","-","[]","-"
"/subscriptions/ed38b697-42b8-4490-b79a-ce682d991625/resourcegroups/rgazmigrat-8/providers/microsoft.offazure/importsites/vmwaremigration5a66importsite/machines/5201b9cc-0245-4000-a001-000000000245","/subscriptions/ed38b697-42b8-4490-b79a-ce682d991625/resourcegroups/rgazmigrat-8/providers/microsoft.offazure/importsites/vmwaremigration5a66importsite/machines/5201b9cc-0245-4000-a001-000000000245","vm-prod-data-warehouse-etl-04","vm-prod-data-warehouse-etl-04","Server","Linux server","-","-","-","Rocky Linux 9 (64-bit)","-","-","-","-","Import","VMware","-","{}","-","-","-","-","8","24576","1","-","linuxguest","-"," -"," -","2026-04-08T15:34:55.1117163Z","2026-04-08T15:34:56.3159497Z","-"," -"," -","-","-","-","[]","-"
"/subscriptions/ed38b697-42b8-4490-b79a-ce682d991625/resourcegroups/rgazmigrat-8/providers/microsoft.offazure/importsites/vmwaremigration5a66importsite/machines/5201b9cc-0246-4000-a001-000000000246","/subscriptions/ed38b697-42b8-4490-b79a-ce682d991625/resourcegroups/rgazmigrat-8/providers/microsoft.offazure/importsites/vmwaremigration5a66importsite/machines/5201b9cc-0246-4000-a001-000000000246","vm-prod-data-warehouse-report-01","vm-prod-data-warehouse-report-01","Server","Windows server","-","-","-","Windows Server 2022","-","-","-","-","Import","VMware","-","{}","-","-","-","-","8","24576","1","-","windowsguest","-"," -"," -","2026-04-08T15:34:55.1117163Z","2026-04-08T15:34:56.3159497Z","-"," -"," -","-","-","-","[]","-"
"/subscriptions/ed38b697-42b8-4490-b79a-ce682d991625/resourcegroups/rgazmigrat-8/providers/microsoft.offazure/importsites/vmwaremigration5a66importsite/machines/5201b9cc-0247-4000-a001-000000000247","/subscriptions/ed38b697-42b8-4490-b79a-ce682d991625/resourcegroups/rgazmigrat-8/providers/microsoft.offazure/importsites/vmwaremigration5a66importsite/machines/5201b9cc-0247-4000-a001-000000000247","vm-prod-data-warehouse-report-02","vm-prod-data-warehouse-report-02","Server","Windows server","-","-","-","Windows Server 2019","-","-","-","-","Import","VMware","-","{}","-","-","-","-","8","26624","1","-","windowsguest","-"," -"," -","2026-04-08T15:34:55.1117163Z","2026-04-08T15:34:56.3159497Z","-"," -"," -","-","-","-","[]","-"
"/subscriptions/ed38b697-42b8-4490-b79a-ce682d991625/resourcegroups/rgazmigrat-8/providers/microsoft.offazure/importsites/vmwaremigration5a66importsite/machines/5201b9cc-0248-4000-a001-000000000248","/subscriptions/ed38b697-42b8-4490-b79a-ce682d991625/resourcegroups/rgazmigrat-8/providers/microsoft.offazure/importsites/vmwaremigration5a66importsite/machines/5201b9cc-0248-4000-a001-000000000248","vm-prod-data-warehouse-report-03","vm-prod-data-warehouse-report-03","Server","Windows server","-","-","-","Windows Server 2022","-","-","-","-","Import","VMware","-","{}","-","-","-","-","8","24576","1","-","windowsguest","-"," -"," -","2026-04-08T15:34:55.1117163Z","2026-04-08T15:34:56.3159497Z","-"," -"," -","-","-","-","[]","-"
"/subscriptions/ed38b697-42b8-4490-b79a-ce682d991625/resourcegroups/rgazmigrat-8/providers/microsoft.offazure/importsites/vmwaremigration5a66importsite/machines/5201b9cc-0249-4000-a001-000000000249","/subscriptions/ed38b697-42b8-4490-b79a-ce682d991625/resourcegroups/rgazmigrat-8/providers/microsoft.offazure/importsites/vmwaremigration5a66importsite/machines/5201b9cc-0249-4000-a001-000000000249","vm-prod-data-warehouse-report-04","vm-prod-data-warehouse-report-04","Server","Windows server","-","-","-","Windows Server 2019","-","-","-","-","Import","VMware","-","{}","-","-","-","-","8","26624","1","-","windowsguest","-"," -"," -","2026-04-08T15:34:55.1117163Z","2026-04-08T15:34:56.3159497Z","-"," -"," -","-","-","-","[]","-"
"/subscriptions/ed38b697-42b8-4490-b79a-ce682d991625/resourcegroups/rgazmigrat-8/providers/microsoft.offazure/importsites/vmwaremigration5a66importsite/machines/5201b9cc-0196-4000-a001-000000000196","/subscriptions/ed38b697-42b8-4490-b79a-ce682d991625/resourcegroups/rgazmigrat-8/providers/microsoft.offazure/importsites/vmwaremigration5a66importsite/machines/5201b9cc-0196-4000-a001-000000000196","vm-prod-ehr-core-app-01","vm-prod-ehr-core-app-01","Server","Windows server","-","-","-","Windows Server 2019","-","-","-","-","Import","VMware","-","{}","-","-","-","-","8","32768","1","-","windowsguest","-"," -"," -","2026-04-08T15:34:55.0960996Z","2026-04-08T15:34:55.142963Z","-"," -"," -","-","-","-","[]","-"
"/subscriptions/ed38b697-42b8-4490-b79a-ce682d991625/resourcegroups/rgazmigrat-8/providers/microsoft.offazure/importsites/vmwaremigration5a66importsite/machines/5201b9cc-0197-4000-a001-000000000197","/subscriptions/ed38b697-42b8-4490-b79a-ce682d991625/resourcegroups/rgazmigrat-8/providers/microsoft.offazure/importsites/vmwaremigration5a66importsite/machines/5201b9cc-0197-4000-a001-000000000197","vm-prod-ehr-core-app-02","vm-prod-ehr-core-app-02","Server","Windows server","-","-","-","Windows Server 2022","-","-","-","-","Import","VMware","-","{}","-","-","-","-","8","34816","1","-","windowsguest","-"," -"," -","2026-04-08T15:34:55.0960996Z","2026-04-08T15:34:55.142963Z","-"," -"," -","-","-","-","[]","-"
"/subscriptions/ed38b697-42b8-4490-b79a-ce682d991625/resourcegroups/rgazmigrat-8/providers/microsoft.offazure/importsites/vmwaremigration5a66importsite/machines/5201b9cc-0198-4000-a001-000000000198","/subscriptions/ed38b697-42b8-4490-b79a-ce682d991625/resourcegroups/rgazmigrat-8/providers/microsoft.offazure/importsites/vmwaremigration5a66importsite/machines/5201b9cc-0198-4000-a001-000000000198","vm-prod-ehr-core-app-03","vm-prod-ehr-core-app-03","Server","Windows server","-","-","-","Windows Server 2019","-","-","-","-","Import","VMware","-","{}","-","-","-","-","8","32768","1","-","windowsguest","-"," -"," -","2026-04-08T15:34:55.0960996Z","2026-04-08T15:34:55.142963Z","-"," -"," -","-","-","-","[]","-"
"/subscriptions/ed38b697-42b8-4490-b79a-ce682d991625/resourcegroups/rgazmigrat-8/providers/microsoft.offazure/importsites/vmwaremigration5a66importsite/machines/5201b9cc-0199-4000-a001-000000000199","/subscriptions/ed38b697-42b8-4490-b79a-ce682d991625/resourcegroups/rgazmigrat-8/providers/microsoft.offazure/importsites/vmwaremigration5a66importsite/machines/5201b9cc-0199-4000-a001-000000000199","vm-prod-ehr-core-app-04","vm-prod-ehr-core-app-04","Server","Windows server","-","-","-","Windows Server 2022","-","-","-","-","Import","VMware","-","{}","-","-","-","-","8","34816","1","-","windowsguest","-"," -"," -","2026-04-08T15:34:55.0960996Z","2026-04-08T15:34:55.142963Z","-"," -"," -","-","-","-","[]","-"
"/subscriptions/ed38b697-42b8-4490-b79a-ce682d991625/resourcegroups/rgazmigrat-8/providers/microsoft.offazure/importsites/vmwaremigration5a66importsite/machines/5201b9cc-0200-4000-a001-000000000200","/subscriptions/ed38b697-42b8-4490-b79a-ce682d991625/resourcegroups/rgazmigrat-8/providers/microsoft.offazure/importsites/vmwaremigration5a66importsite/machines/5201b9cc-0200-4000-a001-000000000200","vm-prod-ehr-core-app-05","vm-prod-ehr-core-app-05","Server","Windows server","-","-","-","Windows Server 2019","-","-","-","-","Import","VMware","-","{}","-","-","-","-","8","32768","1","-","windowsguest","-"," -"," -","2026-04-08T15:34:55.0960996Z","2026-04-08T15:34:56.3159497Z","-"," -"," -","-","-","-","[]","-"
"/subscriptions/ed38b697-42b8-4490-b79a-ce682d991625/resourcegroups/rgazmigrat-8/providers/microsoft.offazure/importsites/vmwaremigration5a66importsite/machines/5201b9cc-0201-4000-a001-000000000201","/subscriptions/ed38b697-42b8-4490-b79a-ce682d991625/resourcegroups/rgazmigrat-8/providers/microsoft.offazure/importsites/vmwaremigration5a66importsite/machines/5201b9cc-0201-4000-a001-000000000201","vm-prod-ehr-core-app-06","vm-prod-ehr-core-app-06","Server","Windows server","-","-","-","Windows Server 2022","-","-","-","-","Import","VMware","-","{}","-","-","-","-","8","34816","1","-","windowsguest","-"," -"," -","2026-04-08T15:34:55.0960996Z","2026-04-08T15:34:56.3159497Z","-"," -"," -","-","-","-","[]","-"
"/subscriptions/ed38b697-42b8-4490-b79a-ce682d991625/resourcegroups/rgazmigrat-8/providers/microsoft.offazure/importsites/vmwaremigration5a66importsite/machines/5201b9cc-0202-4000-a001-000000000202","/subscriptions/ed38b697-42b8-4490-b79a-ce682d991625/resourcegroups/rgazmigrat-8/providers/microsoft.offazure/importsites/vmwaremigration5a66importsite/machines/5201b9cc-0202-4000-a001-000000000202","vm-prod-ehr-core-app-07","vm-prod-ehr-core-app-07","Server","Windows server","-","-","-","Windows Server 2019","-","-","-","-","Import","VMware","-","{}","-","-","-","-","8","32768","1","-","windowsguest","-"," -"," -","2026-04-08T15:34:55.0960996Z","2026-04-08T15:34:56.3159497Z","-"," -"," -","-","-","-","[]","-"
"/subscriptions/ed38b697-42b8-4490-b79a-ce682d991625/resourcegroups/rgazmigrat-8/providers/microsoft.offazure/importsites/vmwaremigration5a66importsite/machines/5201b9cc-0203-4000-a001-000000000203","/subscriptions/ed38b697-42b8-4490-b79a-ce682d991625/resourcegroups/rgazmigrat-8/providers/microsoft.offazure/importsites/vmwaremigration5a66importsite/machines/5201b9cc-0203-4000-a001-000000000203","vm-prod-ehr-core-app-08","vm-prod-ehr-core-app-08","Server","Windows server","-","-","-","Windows Server 2022","-","-","-","-","Import","VMware","-","{}","-","-","-","-","8","34816","1","-","windowsguest","-"," -"," -","2026-04-08T15:34:55.0960996Z","2026-04-08T15:34:56.3159497Z","-"," -"," -","-","-","-","[]","-"
"/subscriptions/ed38b697-42b8-4490-b79a-ce682d991625/resourcegroups/rgazmigrat-8/providers/microsoft.offazure/importsites/vmwaremigration5a66importsite/machines/5201b9cc-0204-4000-a001-000000000204","/subscriptions/ed38b697-42b8-4490-b79a-ce682d991625/resourcegroups/rgazmigrat-8/providers/microsoft.offazure/importsites/vmwaremigration5a66importsite/machines/5201b9cc-0204-4000-a001-000000000204","vm-prod-ehr-core-db-01","vm-prod-ehr-core-db-01","Server","Windows server","-","-","-","Windows Server 2019","-","-","-","-","Import","VMware","-","{}","-","-","-","-","16","65536","1","-","windowsguest","-"," -"," -","2026-04-08T15:34:55.0960996Z","2026-04-08T15:34:56.3159497Z","-"," -"," -","-","-","-","[]","-"
"/subscriptions/ed38b697-42b8-4490-b79a-ce682d991625/resourcegroups/rgazmigrat-8/providers/microsoft.offazure/importsites/vmwaremigration5a66importsite/machines/5201b9cc-0205-4000-a001-000000000205","/subscriptions/ed38b697-42b8-4490-b79a-ce682d991625/resourcegroups/rgazmigrat-8/providers/microsoft.offazure/importsites/vmwaremigration5a66importsite/machines/5201b9cc-0205-4000-a001-000000000205","vm-prod-ehr-core-db-02","vm-prod-ehr-core-db-02","Server","Windows server","-","-","-","Windows Server 2022","-","-","-","-","Import","VMware","-","{}","-","-","-","-","16","65536","1","-","windowsguest","-"," -"," -","2026-04-08T15:34:55.0960996Z","2026-04-08T15:34:56.3159497Z","-"," -"," -","-","-","-","[]","-"
"/subscriptions/ed38b697-42b8-4490-b79a-ce682d991625/resourcegroups/rgazmigrat-8/providers/microsoft.offazure/importsites/vmwaremigration5a66importsite/machines/5201b9cc-0206-4000-a001-000000000206","/subscriptions/ed38b697-42b8-4490-b79a-ce682d991625/resourcegroups/rgazmigrat-8/providers/microsoft.offazure/importsites/vmwaremigration5a66importsite/machines/5201b9cc-0206-4000-a001-000000000206","vm-prod-ehr-core-db-03","vm-prod-ehr-core-db-03","Server","Windows server","-","-","-","Windows Server 2019","-","-","-","-","Import","VMware","-","{}","-","-","-","-","16","65536","1","-","windowsguest","-"," -"," -","2026-04-08T15:34:55.0960996Z","2026-04-08T15:34:56.3159497Z","-"," -"," -","-","-","-","[]","-"
"/subscriptions/ed38b697-42b8-4490-b79a-ce682d991625/resourcegroups/rgazmigrat-8/providers/microsoft.offazure/importsites/vmwaremigration5a66importsite/machines/5201b9cc-0207-4000-a001-000000000207","/subscriptions/ed38b697-42b8-4490-b79a-ce682d991625/resourcegroups/rgazmigrat-8/providers/microsoft.offazure/importsites/vmwaremigration5a66importsite/machines/5201b9cc-0207-4000-a001-000000000207","vm-prod-ehr-core-db-04","vm-prod-ehr-core-db-04","Server","Windows server","-","-","-","Windows Server 2022","-","-","-","-","Import","VMware","-","{}","-","-","-","-","16","65536","1","-","windowsguest","-"," -"," -","2026-04-08T15:34:55.0960996Z","2026-04-08T15:34:56.3159497Z","-"," -"," -","-","-","-","[]","-"
"/subscriptions/ed38b697-42b8-4490-b79a-ce682d991625/resourcegroups/rgazmigrat-8/providers/microsoft.offazure/importsites/vmwaremigration5a66importsite/machines/5201b9cc-0192-4000-a001-000000000192","/subscriptions/ed38b697-42b8-4490-b79a-ce682d991625/resourcegroups/rgazmigrat-8/providers/microsoft.offazure/importsites/vmwaremigration5a66importsite/machines/5201b9cc-0192-4000-a001-000000000192","vm-prod-ehr-core-web-01","vm-prod-ehr-core-web-01","Server","Windows server","-","-","-","Windows Server 2019","-","-","-","-","Import","VMware","-","{}","-","-","-","-","4","16384","1","-","windowsguest","-"," -"," -","2026-04-08T15:34:55.0960996Z","2026-04-08T15:34:55.142963Z","-"," -"," -","-","-","-","[]","-"
"/subscriptions/ed38b697-42b8-4490-b79a-ce682d991625/resourcegroups/rgazmigrat-8/providers/microsoft.offazure/importsites/vmwaremigration5a66importsite/machines/5201b9cc-0193-4000-a001-000000000193","/subscriptions/ed38b697-42b8-4490-b79a-ce682d991625/resourcegroups/rgazmigrat-8/providers/microsoft.offazure/importsites/vmwaremigration5a66importsite/machines/5201b9cc-0193-4000-a001-000000000193","vm-prod-ehr-core-web-02","vm-prod-ehr-core-web-02","Server","Windows server","-","-","-","Windows Server 2022","-","-","-","-","Import","VMware","-","{}","-","-","-","-","4","18432","1","-","windowsguest","-"," -"," -","2026-04-08T15:34:55.0960996Z","2026-04-08T15:34:55.142963Z","-"," -"," -","-","-","-","[]","-"
"/subscriptions/ed38b697-42b8-4490-b79a-ce682d991625/resourcegroups/rgazmigrat-8/providers/microsoft.offazure/importsites/vmwaremigration5a66importsite/machines/5201b9cc-0194-4000-a001-000000000194","/subscriptions/ed38b697-42b8-4490-b79a-ce682d991625/resourcegroups/rgazmigrat-8/providers/microsoft.offazure/importsites/vmwaremigration5a66importsite/machines/5201b9cc-0194-4000-a001-000000000194","vm-prod-ehr-core-web-03","vm-prod-ehr-core-web-03","Server","Windows server","-","-","-","Windows Server 2019","-","-","-","-","Import","VMware","-","{}","-","-","-","-","4","16384","1","-","windowsguest","-"," -"," -","2026-04-08T15:34:55.0960996Z","2026-04-08T15:34:55.142963Z","-"," -"," -","-","-","-","[]","-"
"/subscriptions/ed38b697-42b8-4490-b79a-ce682d991625/resourcegroups/rgazmigrat-8/providers/microsoft.offazure/importsites/vmwaremigration5a66importsite/machines/5201b9cc-0195-4000-a001-000000000195","/subscriptions/ed38b697-42b8-4490-b79a-ce682d991625/resourcegroups/rgazmigrat-8/providers/microsoft.offazure/importsites/vmwaremigration5a66importsite/machines/5201b9cc-0195-4000-a001-000000000195","vm-prod-ehr-core-web-04","vm-prod-ehr-core-web-04","Server","Windows server","-","-","-","Windows Server 2022","-","-","-","-","Import","VMware","-","{}","-","-","-","-","4","18432","1","-","windowsguest","-"," -"," -","2026-04-08T15:34:55.0960996Z","2026-04-08T15:34:55.142963Z","-"," -"," -","-","-","-","[]","-"
"/subscriptions/ed38b697-42b8-4490-b79a-ce682d991625/resourcegroups/rgazmigrat-8/providers/microsoft.offazure/importsites/vmwaremigration5a66importsite/machines/5201b9cc-0240-4000-a001-000000000240","/subscriptions/ed38b697-42b8-4490-b79a-ce682d991625/resourcegroups/rgazmigrat-8/providers/microsoft.offazure/importsites/vmwaremigration5a66importsite/machines/5201b9cc-0240-4000-a001-000000000240","vm-prod-identity-services-db-01","vm-prod-identity-services-db-01","Server","Windows server","-","-","-","Windows Server 2019","-","-","-","-","Import","VMware","-","{}","-","-","-","-","8","32768","1","-","windowsguest","-"," -"," -","2026-04-08T15:34:55.1117163Z","2026-04-08T15:34:56.3159497Z","-"," -"," -","-","-","-","[]","-"
"/subscriptions/ed38b697-42b8-4490-b79a-ce682d991625/resourcegroups/rgazmigrat-8/providers/microsoft.offazure/importsites/vmwaremigration5a66importsite/machines/5201b9cc-0241-4000-a001-000000000241","/subscriptions/ed38b697-42b8-4490-b79a-ce682d991625/resourcegroups/rgazmigrat-8/providers/microsoft.offazure/importsites/vmwaremigration5a66importsite/machines/5201b9cc-0241-4000-a001-000000000241","vm-prod-identity-services-db-02","vm-prod-identity-services-db-02","Server","Windows server","-","-","-","Windows Server 2022","-","-","-","-","Import","VMware","-","{}","-","-","-","-","8","32768","1","-","windowsguest","-"," -"," -","2026-04-08T15:34:55.1117163Z","2026-04-08T15:34:56.3159497Z","-"," -"," -","-","-","-","[]","-"
"/subscriptions/ed38b697-42b8-4490-b79a-ce682d991625/resourcegroups/rgazmigrat-8/providers/microsoft.offazure/importsites/vmwaremigration5a66importsite/machines/5201b9cc-0236-4000-a001-000000000236","/subscriptions/ed38b697-42b8-4490-b79a-ce682d991625/resourcegroups/rgazmigrat-8/providers/microsoft.offazure/importsites/vmwaremigration5a66importsite/machines/5201b9cc-0236-4000-a001-000000000236","vm-prod-identity-services-idm-01","vm-prod-identity-services-idm-01","Server","Windows server","-","-","-","Windows Server 2019","-","-","-","-","Import","VMware","-","{}","-","-","-","-","4","16384","1","-","windowsguest","-"," -"," -","2026-04-08T15:34:55.1117163Z","2026-04-08T15:34:56.3159497Z","-"," -"," -","-","-","-","[]","-"
"/subscriptions/ed38b697-42b8-4490-b79a-ce682d991625/resourcegroups/rgazmigrat-8/providers/microsoft.offazure/importsites/vmwaremigration5a66importsite/machines/5201b9cc-0237-4000-a001-000000000237","/subscriptions/ed38b697-42b8-4490-b79a-ce682d991625/resourcegroups/rgazmigrat-8/providers/microsoft.offazure/importsites/vmwaremigration5a66importsite/machines/5201b9cc-0237-4000-a001-000000000237","vm-prod-identity-services-idm-02","vm-prod-identity-services-idm-02","Server","Windows server","-","-","-","Windows Server 2022","-","-","-","-","Import","VMware","-","{}","-","-","-","-","4","18432","1","-","windowsguest","-"," -"," -","2026-04-08T15:34:55.1117163Z","2026-04-08T15:34:56.3159497Z","-"," -"," -","-","-","-","[]","-"
"/subscriptions/ed38b697-42b8-4490-b79a-ce682d991625/resourcegroups/rgazmigrat-8/providers/microsoft.offazure/importsites/vmwaremigration5a66importsite/machines/5201b9cc-0238-4000-a001-000000000238","/subscriptions/ed38b697-42b8-4490-b79a-ce682d991625/resourcegroups/rgazmigrat-8/providers/microsoft.offazure/importsites/vmwaremigration5a66importsite/machines/5201b9cc-0238-4000-a001-000000000238","vm-prod-identity-services-idm-03","vm-prod-identity-services-idm-03","Server","Windows server","-","-","-","Windows Server 2019","-","-","-","-","Import","VMware","-","{}","-","-","-","-","4","16384","1","-","windowsguest","-"," -"," -","2026-04-08T15:34:55.1117163Z","2026-04-08T15:34:56.3159497Z","-"," -"," -","-","-","-","[]","-"
"/subscriptions/ed38b697-42b8-4490-b79a-ce682d991625/resourcegroups/rgazmigrat-8/providers/microsoft.offazure/importsites/vmwaremigration5a66importsite/machines/5201b9cc-0239-4000-a001-000000000239","/subscriptions/ed38b697-42b8-4490-b79a-ce682d991625/resourcegroups/rgazmigrat-8/providers/microsoft.offazure/importsites/vmwaremigration5a66importsite/machines/5201b9cc-0239-4000-a001-000000000239","vm-prod-identity-services-idm-04","vm-prod-identity-services-idm-04","Server","Windows server","-","-","-","Windows Server 2022","-","-","-","-","Import","VMware","-","{}","-","-","-","-","4","18432","1","-","windowsguest","-"," -"," -","2026-04-08T15:34:55.1117163Z","2026-04-08T15:34:56.3159497Z","-"," -"," -","-","-","-","[]","-"
"/subscriptions/ed38b697-42b8-4490-b79a-ce682d991625/resourcegroups/rgazmigrat-8/providers/microsoft.offazure/importsites/vmwaremigration5a66importsite/machines/5201b9cc-0232-4000-a001-000000000232","/subscriptions/ed38b697-42b8-4490-b79a-ce682d991625/resourcegroups/rgazmigrat-8/providers/microsoft.offazure/importsites/vmwaremigration5a66importsite/machines/5201b9cc-0232-4000-a001-000000000232","vm-prod-integration-bus-api-01","vm-prod-integration-bus-api-01","Server","Linux server","-","-","-","Red Hat Enterprise Linux 8","-","-","-","-","Import","VMware","-","{}","-","-","-","-","6","12288","1","-","linuxguest","-"," -"," -","2026-04-08T15:34:55.1117163Z","2026-04-08T15:34:56.3159497Z","-"," -"," -","-","-","-","[]","-"
"/subscriptions/ed38b697-42b8-4490-b79a-ce682d991625/resourcegroups/rgazmigrat-8/providers/microsoft.offazure/importsites/vmwaremigration5a66importsite/machines/5201b9cc-0233-4000-a001-000000000233","/subscriptions/ed38b697-42b8-4490-b79a-ce682d991625/resourcegroups/rgazmigrat-8/providers/microsoft.offazure/importsites/vmwaremigration5a66importsite/machines/5201b9cc-0233-4000-a001-000000000233","vm-prod-integration-bus-api-02","vm-prod-integration-bus-api-02","Server","Linux server","-","-","-","Ubuntu","-","-","-","-","Import","VMware","-","{}","-","-","-","-","6","12288","1","-","linuxguest","-"," -"," -","2026-04-08T15:34:55.1117163Z","2026-04-08T15:34:56.3159497Z","-"," -"," -","-","-","-","[]","-"
"/subscriptions/ed38b697-42b8-4490-b79a-ce682d991625/resourcegroups/rgazmigrat-8/providers/microsoft.offazure/importsites/vmwaremigration5a66importsite/machines/5201b9cc-0234-4000-a001-000000000234","/subscriptions/ed38b697-42b8-4490-b79a-ce682d991625/resourcegroups/rgazmigrat-8/providers/microsoft.offazure/importsites/vmwaremigration5a66importsite/machines/5201b9cc-0234-4000-a001-000000000234","vm-prod-integration-bus-api-03","vm-prod-integration-bus-api-03","Server","Linux server","-","-","-","Red Hat Enterprise Linux 8","-","-","-","-","Import","VMware","-","{}","-","-","-","-","7","12288","1","-","linuxguest","-"," -"," -","2026-04-08T15:34:55.1117163Z","2026-04-08T15:34:56.3159497Z","-"," -"," -","-","-","-","[]","-"
"/subscriptions/ed38b697-42b8-4490-b79a-ce682d991625/resourcegroups/rgazmigrat-8/providers/microsoft.offazure/importsites/vmwaremigration5a66importsite/machines/5201b9cc-0235-4000-a001-000000000235","/subscriptions/ed38b697-42b8-4490-b79a-ce682d991625/resourcegroups/rgazmigrat-8/providers/microsoft.offazure/importsites/vmwaremigration5a66importsite/machines/5201b9cc-0235-4000-a001-000000000235","vm-prod-integration-bus-api-04","vm-prod-integration-bus-api-04","Server","Linux server","-","-","-","Ubuntu","-","-","-","-","Import","VMware","-","{}","-","-","-","-","6","12288","1","-","linuxguest","-"," -"," -","2026-04-08T15:34:55.1117163Z","2026-04-08T15:34:56.3159497Z","-"," -"," -","-","-","-","[]","-"
"/subscriptions/ed38b697-42b8-4490-b79a-ce682d991625/resourcegroups/rgazmigrat-8/providers/microsoft.offazure/importsites/vmwaremigration5a66importsite/machines/5201b9cc-0228-4000-a001-000000000228","/subscriptions/ed38b697-42b8-4490-b79a-ce682d991625/resourcegroups/rgazmigrat-8/providers/microsoft.offazure/importsites/vmwaremigration5a66importsite/machines/5201b9cc-0228-4000-a001-000000000228","vm-prod-integration-bus-broker-01","vm-prod-integration-bus-broker-01","Server","Linux server","-","-","-","Ubuntu","-","-","-","-","Import","VMware","-","{}","-","-","-","-","6","12288","1","-","linuxguest","-"," -"," -","2026-04-08T15:34:55.1117163Z","2026-04-08T15:34:56.3159497Z","-"," -"," -","-","-","-","[]","-"
"/subscriptions/ed38b697-42b8-4490-b79a-ce682d991625/resourcegroups/rgazmigrat-8/providers/microsoft.offazure/importsites/vmwaremigration5a66importsite/machines/5201b9cc-0229-4000-a001-000000000229","/subscriptions/ed38b697-42b8-4490-b79a-ce682d991625/resourcegroups/rgazmigrat-8/providers/microsoft.offazure/importsites/vmwaremigration5a66importsite/machines/5201b9cc-0229-4000-a001-000000000229","vm-prod-integration-bus-broker-02","vm-prod-integration-bus-broker-02","Server","Linux server","-","-","-","Ubuntu","-","-","-","-","Import","VMware","-","{}","-","-","-","-","6","12288","1","-","linuxguest","-"," -"," -","2026-04-08T15:34:55.1117163Z","2026-04-08T15:34:56.3159497Z","-"," -"," -","-","-","-","[]","-"
"/subscriptions/ed38b697-42b8-4490-b79a-ce682d991625/resourcegroups/rgazmigrat-8/providers/microsoft.offazure/importsites/vmwaremigration5a66importsite/machines/5201b9cc-0230-4000-a001-000000000230","/subscriptions/ed38b697-42b8-4490-b79a-ce682d991625/resourcegroups/rgazmigrat-8/providers/microsoft.offazure/importsites/vmwaremigration5a66importsite/machines/5201b9cc-0230-4000-a001-000000000230","vm-prod-integration-bus-broker-03","vm-prod-integration-bus-broker-03","Server","Linux server","-","-","-","Ubuntu","-","-","-","-","Import","VMware","-","{}","-","-","-","-","6","12288","1","-","linuxguest","-"," -"," -","2026-04-08T15:34:55.1117163Z","2026-04-08T15:34:56.3159497Z","-"," -"," -","-","-","-","[]","-"
"/subscriptions/ed38b697-42b8-4490-b79a-ce682d991625/resourcegroups/rgazmigrat-8/providers/microsoft.offazure/importsites/vmwaremigration5a66importsite/machines/5201b9cc-0231-4000-a001-000000000231","/subscriptions/ed38b697-42b8-4490-b79a-ce682d991625/resourcegroups/rgazmigrat-8/providers/microsoft.offazure/importsites/vmwaremigration5a66importsite/machines/5201b9cc-0231-4000-a001-000000000231","vm-prod-integration-bus-broker-04","vm-prod-integration-bus-broker-04","Server","Linux server","-","-","-","Ubuntu","-","-","-","-","Import","VMware","-","{}","-","-","-","-","6","12288","1","-","linuxguest","-"," -"," -","2026-04-08T15:34:55.1117163Z","2026-04-08T15:34:56.3159497Z","-"," -"," -","-","-","-","[]","-"
"/subscriptions/ed38b697-42b8-4490-b79a-ce682d991625/resourcegroups/rgazmigrat-8/providers/microsoft.offazure/importsites/vmwaremigration5a66importsite/machines/5201b9cc-0260-4000-a001-000000000260","/subscriptions/ed38b697-42b8-4490-b79a-ce682d991625/resourcegroups/rgazmigrat-8/providers/microsoft.offazure/importsites/vmwaremigration5a66importsite/machines/5201b9cc-0260-4000-a001-000000000260","vm-prod-lab-systems-app-01","vm-prod-lab-systems-app-01","Server","Windows server","-","-","-","Windows Server 2022","-","-","-","-","Import","VMware","-","{}","-","-","-","-","6","16384","1","-","windowsguest","-"," -"," -","2026-04-08T15:34:55.1273519Z","2026-04-08T15:34:56.3159497Z","-"," -"," -","-","-","-","[]","-"
"/subscriptions/ed38b697-42b8-4490-b79a-ce682d991625/resourcegroups/rgazmigrat-8/providers/microsoft.offazure/importsites/vmwaremigration5a66importsite/machines/5201b9cc-0261-4000-a001-000000000261","/subscriptions/ed38b697-42b8-4490-b79a-ce682d991625/resourcegroups/rgazmigrat-8/providers/microsoft.offazure/importsites/vmwaremigration5a66importsite/machines/5201b9cc-0261-4000-a001-000000000261","vm-prod-lab-systems-app-02","vm-prod-lab-systems-app-02","Server","Windows server","-","-","-","Windows Server 2019","-","-","-","-","Import","VMware","-","{}","-","-","-","-","6","18432","1","-","windowsguest","-"," -"," -","2026-04-08T15:34:55.1273519Z","2026-04-08T15:34:56.3159497Z","-"," -"," -","-","-","-","[]","-"
"/subscriptions/ed38b697-42b8-4490-b79a-ce682d991625/resourcegroups/rgazmigrat-8/providers/microsoft.offazure/importsites/vmwaremigration5a66importsite/machines/5201b9cc-0262-4000-a001-000000000262","/subscriptions/ed38b697-42b8-4490-b79a-ce682d991625/resourcegroups/rgazmigrat-8/providers/microsoft.offazure/importsites/vmwaremigration5a66importsite/machines/5201b9cc-0262-4000-a001-000000000262","vm-prod-lab-systems-app-03","vm-prod-lab-systems-app-03","Server","Windows server","-","-","-","Windows Server 2022","-","-","-","-","Import","VMware","-","{}","-","-","-","-","6","16384","1","-","windowsguest","-"," -"," -","2026-04-08T15:34:55.1273519Z","2026-04-08T15:34:56.3159497Z","-"," -"," -","-","-","-","[]","-"
"/subscriptions/ed38b697-42b8-4490-b79a-ce682d991625/resourcegroups/rgazmigrat-8/providers/microsoft.offazure/importsites/vmwaremigration5a66importsite/machines/5201b9cc-0263-4000-a001-000000000263","/subscriptions/ed38b697-42b8-4490-b79a-ce682d991625/resourcegroups/rgazmigrat-8/providers/microsoft.offazure/importsites/vmwaremigration5a66importsite/machines/5201b9cc-0263-4000-a001-000000000263","vm-prod-lab-systems-app-04","vm-prod-lab-systems-app-04","Server","Windows server","-","-","-","Windows Server 2019","-","-","-","-","Import","VMware","-","{}","-","-","-","-","6","18432","1","-","windowsguest","-"," -"," -","2026-04-08T15:34:55.1273519Z","2026-04-08T15:34:56.3159497Z","-"," -"," -","-","-","-","[]","-"
"/subscriptions/ed38b697-42b8-4490-b79a-ce682d991625/resourcegroups/rgazmigrat-8/providers/microsoft.offazure/importsites/vmwaremigration5a66importsite/machines/5201b9cc-0264-4000-a001-000000000264","/subscriptions/ed38b697-42b8-4490-b79a-ce682d991625/resourcegroups/rgazmigrat-8/providers/microsoft.offazure/importsites/vmwaremigration5a66importsite/machines/5201b9cc-0264-4000-a001-000000000264","vm-prod-lab-systems-db-01","vm-prod-lab-systems-db-01","Server","Windows server","-","-","-","Windows Server 2022","-","-","-","-","Import","VMware","-","{}","-","-","-","-","8","32768","1","-","windowsguest","-"," -"," -","2026-04-08T15:34:55.1273519Z","2026-04-08T15:34:56.3159497Z","-"," -"," -","-","-","-","[]","-"
"/subscriptions/ed38b697-42b8-4490-b79a-ce682d991625/resourcegroups/rgazmigrat-8/providers/microsoft.offazure/importsites/vmwaremigration5a66importsite/machines/5201b9cc-0265-4000-a001-000000000265","/subscriptions/ed38b697-42b8-4490-b79a-ce682d991625/resourcegroups/rgazmigrat-8/providers/microsoft.offazure/importsites/vmwaremigration5a66importsite/machines/5201b9cc-0265-4000-a001-000000000265","vm-prod-lab-systems-db-02","vm-prod-lab-systems-db-02","Server","Windows server","-","-","-","Windows Server 2019","-","-","-","-","Import","VMware","-","{}","-","-","-","-","8","32768","1","-","windowsguest","-"," -"," -","2026-04-08T15:34:55.1273519Z","2026-04-08T15:34:56.3159497Z","-"," -"," -","-","-","-","[]","-"
"/subscriptions/ed38b697-42b8-4490-b79a-ce682d991625/resourcegroups/rgazmigrat-8/providers/microsoft.offazure/importsites/vmwaremigration5a66importsite/machines/5201b9cc-0119-4000-a001-000000000119","/subscriptions/ed38b697-42b8-4490-b79a-ce682d991625/resourcegroups/rgazmigrat-8/providers/microsoft.offazure/importsites/vmwaremigration5a66importsite/machines/5201b9cc-0119-4000-a001-000000000119","vm-prod-member-dotnet-app-01","vm-prod-member-dotnet-app-01","Server","Windows server","-","-","-","Windows Server 2022","-","-","-","-","Import","VMware","-","{}","-","-","-","-","8","24576","1","-","windowsguest","-"," -"," -","2026-04-08T15:34:55.0492541Z","2026-04-08T15:34:55.142963Z","-"," -"," -","-","-","-","[]","-"
"/subscriptions/ed38b697-42b8-4490-b79a-ce682d991625/resourcegroups/rgazmigrat-8/providers/microsoft.offazure/importsites/vmwaremigration5a66importsite/machines/5201b9cc-0120-4000-a001-000000000120","/subscriptions/ed38b697-42b8-4490-b79a-ce682d991625/resourcegroups/rgazmigrat-8/providers/microsoft.offazure/importsites/vmwaremigration5a66importsite/machines/5201b9cc-0120-4000-a001-000000000120","vm-prod-member-dotnet-app-02","vm-prod-member-dotnet-app-02","Server","Windows server","-","-","-","Windows Server 2022","-","-","-","-","Import","VMware","-","{}","-","-","-","-","8","26624","1","-","windowsguest","-"," -"," -","2026-04-08T15:34:55.0492541Z","2026-04-08T15:34:55.142963Z","-"," -"," -","-","-","-","[]","-"
"/subscriptions/ed38b697-42b8-4490-b79a-ce682d991625/resourcegroups/rgazmigrat-8/providers/microsoft.offazure/importsites/vmwaremigration5a66importsite/machines/5201b9cc-0121-4000-a001-000000000121","/subscriptions/ed38b697-42b8-4490-b79a-ce682d991625/resourcegroups/rgazmigrat-8/providers/microsoft.offazure/importsites/vmwaremigration5a66importsite/machines/5201b9cc-0121-4000-a001-000000000121","vm-prod-member-dotnet-app-03","vm-prod-member-dotnet-app-03","Server","Windows server","-","-","-","Windows Server 2022","-","-","-","-","Import","VMware","-","{}","-","-","-","-","8","24576","1","-","windowsguest","-"," -"," -","2026-04-08T15:34:55.0492541Z","2026-04-08T15:34:55.142963Z","-"," -"," -","-","-","-","[]","-"
"/subscriptions/ed38b697-42b8-4490-b79a-ce682d991625/resourcegroups/rgazmigrat-8/providers/microsoft.offazure/importsites/vmwaremigration5a66importsite/machines/5201b9cc-0122-4000-a001-000000000122","/subscriptions/ed38b697-42b8-4490-b79a-ce682d991625/resourcegroups/rgazmigrat-8/providers/microsoft.offazure/importsites/vmwaremigration5a66importsite/machines/5201b9cc-0122-4000-a001-000000000122","vm-prod-member-dotnet-app-04","vm-prod-member-dotnet-app-04","Server","Windows server","-","-","-","Windows Server 2022","-","-","-","-","Import","VMware","-","{}","-","-","-","-","8","26624","1","-","windowsguest","-"," -"," -","2026-04-08T15:34:55.0492541Z","2026-04-08T15:34:55.142963Z","-"," -"," -","-","-","-","[]","-"
"/subscriptions/ed38b697-42b8-4490-b79a-ce682d991625/resourcegroups/rgazmigrat-8/providers/microsoft.offazure/importsites/vmwaremigration5a66importsite/machines/5201b9cc-0123-4000-a001-000000000123","/subscriptions/ed38b697-42b8-4490-b79a-ce682d991625/resourcegroups/rgazmigrat-8/providers/microsoft.offazure/importsites/vmwaremigration5a66importsite/machines/5201b9cc-0123-4000-a001-000000000123","vm-prod-member-dotnet-app-05","vm-prod-member-dotnet-app-05","Server","Windows server","-","-","-","Windows Server 2022","-","-","-","-","Import","VMware","-","{}","-","-","-","-","8","24576","1","-","windowsguest","-"," -"," -","2026-04-08T15:34:55.0648865Z","2026-04-08T15:34:55.142963Z","-"," -"," -","-","-","-","[]","-"
"/subscriptions/ed38b697-42b8-4490-b79a-ce682d991625/resourcegroups/rgazmigrat-8/providers/microsoft.offazure/importsites/vmwaremigration5a66importsite/machines/5201b9cc-0124-4000-a001-000000000124","/subscriptions/ed38b697-42b8-4490-b79a-ce682d991625/resourcegroups/rgazmigrat-8/providers/microsoft.offazure/importsites/vmwaremigration5a66importsite/machines/5201b9cc-0124-4000-a001-000000000124","vm-prod-member-dotnet-db-01","vm-prod-member-dotnet-db-01","Server","Windows server","-","-","-","Windows Server 2022","-","-","-","-","Import","VMware","-","{}","-","-","-","-","12","49152","1","-","windowsguest","-"," -"," -","2026-04-08T15:34:55.0648865Z","2026-04-08T15:34:55.142963Z","-"," -"," -","-","-","-","[]","-"
"/subscriptions/ed38b697-42b8-4490-b79a-ce682d991625/resourcegroups/rgazmigrat-8/providers/microsoft.offazure/importsites/vmwaremigration5a66importsite/machines/5201b9cc-0125-4000-a001-000000000125","/subscriptions/ed38b697-42b8-4490-b79a-ce682d991625/resourcegroups/rgazmigrat-8/providers/microsoft.offazure/importsites/vmwaremigration5a66importsite/machines/5201b9cc-0125-4000-a001-000000000125","vm-prod-member-dotnet-db-02","vm-prod-member-dotnet-db-02","Server","Windows server","-","-","-","Windows Server 2019","-","-","-","-","Import","VMware","-","{}","-","-","-","-","12","49152","1","-","windowsguest","-"," -"," -","2026-04-08T15:34:55.0648865Z","2026-04-08T15:34:55.142963Z","-"," -"," -","-","-","-","[]","-"
"/subscriptions/ed38b697-42b8-4490-b79a-ce682d991625/resourcegroups/rgazmigrat-8/providers/microsoft.offazure/importsites/vmwaremigration5a66importsite/machines/5201b9cc-0114-4000-a001-000000000114","/subscriptions/ed38b697-42b8-4490-b79a-ce682d991625/resourcegroups/rgazmigrat-8/providers/microsoft.offazure/importsites/vmwaremigration5a66importsite/machines/5201b9cc-0114-4000-a001-000000000114","vm-prod-member-dotnet-web-01","vm-prod-member-dotnet-web-01","Server","Windows server","-","-","-","Windows Server 2022","-","-","-","-","Import","VMware","-","{}","-","-","-","-","4","16384","1","-","windowsguest","-"," -"," -","2026-04-08T15:34:55.0492541Z","2026-04-08T15:34:55.142963Z","-"," -"," -","-","-","-","[]","-"
"/subscriptions/ed38b697-42b8-4490-b79a-ce682d991625/resourcegroups/rgazmigrat-8/providers/microsoft.offazure/importsites/vmwaremigration5a66importsite/machines/5201b9cc-0115-4000-a001-000000000115","/subscriptions/ed38b697-42b8-4490-b79a-ce682d991625/resourcegroups/rgazmigrat-8/providers/microsoft.offazure/importsites/vmwaremigration5a66importsite/machines/5201b9cc-0115-4000-a001-000000000115","vm-prod-member-dotnet-web-02","vm-prod-member-dotnet-web-02","Server","Windows server","-","-","-","Windows Server 2019","-","-","-","-","Import","VMware","-","{}","-","-","-","-","4","18432","1","-","windowsguest","-"," -"," -","2026-04-08T15:34:55.0492541Z","2026-04-08T15:34:55.142963Z","-"," -"," -","-","-","-","[]","-"
"/subscriptions/ed38b697-42b8-4490-b79a-ce682d991625/resourcegroups/rgazmigrat-8/providers/microsoft.offazure/importsites/vmwaremigration5a66importsite/machines/5201b9cc-0116-4000-a001-000000000116","/subscriptions/ed38b697-42b8-4490-b79a-ce682d991625/resourcegroups/rgazmigrat-8/providers/microsoft.offazure/importsites/vmwaremigration5a66importsite/machines/5201b9cc-0116-4000-a001-000000000116","vm-prod-member-dotnet-web-03","vm-prod-member-dotnet-web-03","Server","Windows server","-","-","-","Windows Server 2022","-","-","-","-","Import","VMware","-","{}","-","-","-","-","4","16384","1","-","windowsguest","-"," -"," -","2026-04-08T15:34:55.0492541Z","2026-04-08T15:34:55.142963Z","-"," -"," -","-","-","-","[]","-"
"/subscriptions/ed38b697-42b8-4490-b79a-ce682d991625/resourcegroups/rgazmigrat-8/providers/microsoft.offazure/importsites/vmwaremigration5a66importsite/machines/5201b9cc-0117-4000-a001-000000000117","/subscriptions/ed38b697-42b8-4490-b79a-ce682d991625/resourcegroups/rgazmigrat-8/providers/microsoft.offazure/importsites/vmwaremigration5a66importsite/machines/5201b9cc-0117-4000-a001-000000000117","vm-prod-member-dotnet-web-04","vm-prod-member-dotnet-web-04","Server","Windows server","-","-","-","Windows Server 2019","-","-","-","-","Import","VMware","-","{}","-","-","-","-","4","18432","1","-","windowsguest","-"," -"," -","2026-04-08T15:34:55.0492541Z","2026-04-08T15:34:55.142963Z","-"," -"," -","-","-","-","[]","-"
"/subscriptions/ed38b697-42b8-4490-b79a-ce682d991625/resourcegroups/rgazmigrat-8/providers/microsoft.offazure/importsites/vmwaremigration5a66importsite/machines/5201b9cc-0118-4000-a001-000000000118","/subscriptions/ed38b697-42b8-4490-b79a-ce682d991625/resourcegroups/rgazmigrat-8/providers/microsoft.offazure/importsites/vmwaremigration5a66importsite/machines/5201b9cc-0118-4000-a001-000000000118","vm-prod-member-dotnet-web-05","vm-prod-member-dotnet-web-05","Server","Windows server","-","-","-","Windows Server 2022","-","-","-","-","Import","VMware","-","{}","-","-","-","-","4","16384","1","-","windowsguest","-"," -"," -","2026-04-08T15:34:55.0492541Z","2026-04-08T15:34:55.142963Z","-"," -"," -","-","-","-","[]","-"
"/subscriptions/ed38b697-42b8-4490-b79a-ce682d991625/resourcegroups/rgazmigrat-8/providers/microsoft.offazure/importsites/vmwaremigration5a66importsite/machines/5201b9cc-0254-4000-a001-000000000254","/subscriptions/ed38b697-42b8-4490-b79a-ce682d991625/resourcegroups/rgazmigrat-8/providers/microsoft.offazure/importsites/vmwaremigration5a66importsite/machines/5201b9cc-0254-4000-a001-000000000254","vm-prod-pacs-imaging-app-01","vm-prod-pacs-imaging-app-01","Server","Windows server","-","-","-","Windows Server 2019","-","-","-","-","Import","VMware","-","{}","-","-","-","-","8","24576","1","-","windowsguest","-"," -"," -","2026-04-08T15:34:55.1117163Z","2026-04-08T15:34:56.3159497Z","-"," -"," -","-","-","-","[]","-"
"/subscriptions/ed38b697-42b8-4490-b79a-ce682d991625/resourcegroups/rgazmigrat-8/providers/microsoft.offazure/importsites/vmwaremigration5a66importsite/machines/5201b9cc-0255-4000-a001-000000000255","/subscriptions/ed38b697-42b8-4490-b79a-ce682d991625/resourcegroups/rgazmigrat-8/providers/microsoft.offazure/importsites/vmwaremigration5a66importsite/machines/5201b9cc-0255-4000-a001-000000000255","vm-prod-pacs-imaging-app-02","vm-prod-pacs-imaging-app-02","Server","Windows server","-","-","-","Windows Server 2022","-","-","-","-","Import","VMware","-","{}","-","-","-","-","8","26624","1","-","windowsguest","-"," -"," -","2026-04-08T15:34:55.1117163Z","2026-04-08T15:34:56.3159497Z","-"," -"," -","-","-","-","[]","-"
"/subscriptions/ed38b697-42b8-4490-b79a-ce682d991625/resourcegroups/rgazmigrat-8/providers/microsoft.offazure/importsites/vmwaremigration5a66importsite/machines/5201b9cc-0256-4000-a001-000000000256","/subscriptions/ed38b697-42b8-4490-b79a-ce682d991625/resourcegroups/rgazmigrat-8/providers/microsoft.offazure/importsites/vmwaremigration5a66importsite/machines/5201b9cc-0256-4000-a001-000000000256","vm-prod-pacs-imaging-app-03","vm-prod-pacs-imaging-app-03","Server","Windows server","-","-","-","Windows Server 2019","-","-","-","-","Import","VMware","-","{}","-","-","-","-","8","24576","1","-","windowsguest","-"," -"," -","2026-04-08T15:34:55.1273519Z","2026-04-08T15:34:56.3159497Z","-"," -"," -","-","-","-","[]","-"
"/subscriptions/ed38b697-42b8-4490-b79a-ce682d991625/resourcegroups/rgazmigrat-8/providers/microsoft.offazure/importsites/vmwaremigration5a66importsite/machines/5201b9cc-0257-4000-a001-000000000257","/subscriptions/ed38b697-42b8-4490-b79a-ce682d991625/resourcegroups/rgazmigrat-8/providers/microsoft.offazure/importsites/vmwaremigration5a66importsite/machines/5201b9cc-0257-4000-a001-000000000257","vm-prod-pacs-imaging-app-04","vm-prod-pacs-imaging-app-04","Server","Windows server","-","-","-","Windows Server 2022","-","-","-","-","Import","VMware","-","{}","-","-","-","-","8","26624","1","-","windowsguest","-"," -"," -","2026-04-08T15:34:55.1273519Z","2026-04-08T15:34:56.3159497Z","-"," -"," -","-","-","-","[]","-"
"/subscriptions/ed38b697-42b8-4490-b79a-ce682d991625/resourcegroups/rgazmigrat-8/providers/microsoft.offazure/importsites/vmwaremigration5a66importsite/machines/5201b9cc-0258-4000-a001-000000000258","/subscriptions/ed38b697-42b8-4490-b79a-ce682d991625/resourcegroups/rgazmigrat-8/providers/microsoft.offazure/importsites/vmwaremigration5a66importsite/machines/5201b9cc-0258-4000-a001-000000000258","vm-prod-pacs-imaging-db-01","vm-prod-pacs-imaging-db-01","Server","Windows server","-","-","-","Windows Server 2019","-","-","-","-","Import","VMware","-","{}","-","-","-","-","12","49152","1","-","windowsguest","-"," -"," -","2026-04-08T15:34:55.1273519Z","2026-04-08T15:34:56.3159497Z","-"," -"," -","-","-","-","[]","-"
"/subscriptions/ed38b697-42b8-4490-b79a-ce682d991625/resourcegroups/rgazmigrat-8/providers/microsoft.offazure/importsites/vmwaremigration5a66importsite/machines/5201b9cc-0259-4000-a001-000000000259","/subscriptions/ed38b697-42b8-4490-b79a-ce682d991625/resourcegroups/rgazmigrat-8/providers/microsoft.offazure/importsites/vmwaremigration5a66importsite/machines/5201b9cc-0259-4000-a001-000000000259","vm-prod-pacs-imaging-db-02","vm-prod-pacs-imaging-db-02","Server","Windows server","-","-","-","Windows Server 2022","-","-","-","-","Import","VMware","-","{}","-","-","-","-","12","49152","1","-","windowsguest","-"," -"," -","2026-04-08T15:34:55.1273519Z","2026-04-08T15:34:56.3159497Z","-"," -"," -","-","-","-","[]","-"
"/subscriptions/ed38b697-42b8-4490-b79a-ce682d991625/resourcegroups/rgazmigrat-8/providers/microsoft.offazure/importsites/vmwaremigration5a66importsite/machines/5201b9cc-0252-4000-a001-000000000252","/subscriptions/ed38b697-42b8-4490-b79a-ce682d991625/resourcegroups/rgazmigrat-8/providers/microsoft.offazure/importsites/vmwaremigration5a66importsite/machines/5201b9cc-0252-4000-a001-000000000252","vm-prod-pacs-imaging-web-01","vm-prod-pacs-imaging-web-01","Server","Windows server","-","-","-","Windows Server 2019","-","-","-","-","Import","VMware","-","{}","-","-","-","-","4","12288","1","-","windowsguest","-"," -"," -","2026-04-08T15:34:55.1117163Z","2026-04-08T15:34:56.3159497Z","-"," -"," -","-","-","-","[]","-"
"/subscriptions/ed38b697-42b8-4490-b79a-ce682d991625/resourcegroups/rgazmigrat-8/providers/microsoft.offazure/importsites/vmwaremigration5a66importsite/machines/5201b9cc-0253-4000-a001-000000000253","/subscriptions/ed38b697-42b8-4490-b79a-ce682d991625/resourcegroups/rgazmigrat-8/providers/microsoft.offazure/importsites/vmwaremigration5a66importsite/machines/5201b9cc-0253-4000-a001-000000000253","vm-prod-pacs-imaging-web-02","vm-prod-pacs-imaging-web-02","Server","Windows server","-","-","-","Windows Server 2022","-","-","-","-","Import","VMware","-","{}","-","-","-","-","4","14336","1","-","windowsguest","-"," -"," -","2026-04-08T15:34:55.1117163Z","2026-04-08T15:34:56.3159497Z","-"," -"," -","-","-","-","[]","-"
"/subscriptions/ed38b697-42b8-4490-b79a-ce682d991625/resourcegroups/rgazmigrat-8/providers/microsoft.offazure/importsites/vmwaremigration5a66importsite/machines/5201b9cc-0181-4000-a001-000000000181","/subscriptions/ed38b697-42b8-4490-b79a-ce682d991625/resourcegroups/rgazmigrat-8/providers/microsoft.offazure/importsites/vmwaremigration5a66importsite/machines/5201b9cc-0181-4000-a001-000000000181","vm-prod-payments-sqlao-api-01","vm-prod-payments-sqlao-api-01","Server","Linux server","-","-","-","Red Hat Enterprise Linux 8","-","-","-","-","Import","VMware","-","{}","-","-","-","-","8","16384","1","-","linuxguest","-"," -"," -","2026-04-08T15:34:55.0960996Z","2026-04-08T15:34:55.142963Z","-"," -"," -","-","-","-","[]","-"
"/subscriptions/ed38b697-42b8-4490-b79a-ce682d991625/resourcegroups/rgazmigrat-8/providers/microsoft.offazure/importsites/vmwaremigration5a66importsite/machines/5201b9cc-0182-4000-a001-000000000182","/subscriptions/ed38b697-42b8-4490-b79a-ce682d991625/resourcegroups/rgazmigrat-8/providers/microsoft.offazure/importsites/vmwaremigration5a66importsite/machines/5201b9cc-0182-4000-a001-000000000182","vm-prod-payments-sqlao-api-02","vm-prod-payments-sqlao-api-02","Server","Linux server","-","-","-","Ubuntu","-","-","-","-","Import","VMware","-","{}","-","-","-","-","8","16384","1","-","linuxguest","-"," -"," -","2026-04-08T15:34:55.0960996Z","2026-04-08T15:34:55.142963Z","-"," -"," -","-","-","-","[]","-"
"/subscriptions/ed38b697-42b8-4490-b79a-ce682d991625/resourcegroups/rgazmigrat-8/providers/microsoft.offazure/importsites/vmwaremigration5a66importsite/machines/5201b9cc-0183-4000-a001-000000000183","/subscriptions/ed38b697-42b8-4490-b79a-ce682d991625/resourcegroups/rgazmigrat-8/providers/microsoft.offazure/importsites/vmwaremigration5a66importsite/machines/5201b9cc-0183-4000-a001-000000000183","vm-prod-payments-sqlao-api-03","vm-prod-payments-sqlao-api-03","Server","Linux server","-","-","-","Red Hat Enterprise Linux 8","-","-","-","-","Import","VMware","-","{}","-","-","-","-","9","16384","1","-","linuxguest","-"," -"," -","2026-04-08T15:34:55.0960996Z","2026-04-08T15:34:55.142963Z","-"," -"," -","-","-","-","[]","-"
"/subscriptions/ed38b697-42b8-4490-b79a-ce682d991625/resourcegroups/rgazmigrat-8/providers/microsoft.offazure/importsites/vmwaremigration5a66importsite/machines/5201b9cc-0184-4000-a001-000000000184","/subscriptions/ed38b697-42b8-4490-b79a-ce682d991625/resourcegroups/rgazmigrat-8/providers/microsoft.offazure/importsites/vmwaremigration5a66importsite/machines/5201b9cc-0184-4000-a001-000000000184","vm-prod-payments-sqlao-api-04","vm-prod-payments-sqlao-api-04","Server","Linux server","-","-","-","Ubuntu","-","-","-","-","Import","VMware","-","{}","-","-","-","-","8","16384","1","-","linuxguest","-"," -"," -","2026-04-08T15:34:55.0960996Z","2026-04-08T15:34:55.142963Z","-"," -"," -","-","-","-","[]","-"
"/subscriptions/ed38b697-42b8-4490-b79a-ce682d991625/resourcegroups/rgazmigrat-8/providers/microsoft.offazure/importsites/vmwaremigration5a66importsite/machines/5201b9cc-0185-4000-a001-000000000185","/subscriptions/ed38b697-42b8-4490-b79a-ce682d991625/resourcegroups/rgazmigrat-8/providers/microsoft.offazure/importsites/vmwaremigration5a66importsite/machines/5201b9cc-0185-4000-a001-000000000185","vm-prod-payments-sqlao-app-01","vm-prod-payments-sqlao-app-01","Server","Windows server","-","-","-","Windows Server 2022","-","-","-","-","Import","VMware","-","{}","-","-","-","-","8","24576","1","-","windowsguest","-"," -"," -","2026-04-08T15:34:55.0960996Z","2026-04-08T15:34:55.142963Z","-"," -"," -","-","-","-","[]","-"
"/subscriptions/ed38b697-42b8-4490-b79a-ce682d991625/resourcegroups/rgazmigrat-8/providers/microsoft.offazure/importsites/vmwaremigration5a66importsite/machines/5201b9cc-0186-4000-a001-000000000186","/subscriptions/ed38b697-42b8-4490-b79a-ce682d991625/resourcegroups/rgazmigrat-8/providers/microsoft.offazure/importsites/vmwaremigration5a66importsite/machines/5201b9cc-0186-4000-a001-000000000186","vm-prod-payments-sqlao-app-02","vm-prod-payments-sqlao-app-02","Server","Windows server","-","-","-","Windows Server 2019","-","-","-","-","Import","VMware","-","{}","-","-","-","-","8","26624","1","-","windowsguest","-"," -"," -","2026-04-08T15:34:55.0960996Z","2026-04-08T15:34:55.142963Z","-"," -"," -","-","-","-","[]","-"
"/subscriptions/ed38b697-42b8-4490-b79a-ce682d991625/resourcegroups/rgazmigrat-8/providers/microsoft.offazure/importsites/vmwaremigration5a66importsite/machines/5201b9cc-0187-4000-a001-000000000187","/subscriptions/ed38b697-42b8-4490-b79a-ce682d991625/resourcegroups/rgazmigrat-8/providers/microsoft.offazure/importsites/vmwaremigration5a66importsite/machines/5201b9cc-0187-4000-a001-000000000187","vm-prod-payments-sqlao-app-03","vm-prod-payments-sqlao-app-03","Server","Windows server","-","-","-","Windows Server 2022","-","-","-","-","Import","VMware","-","{}","-","-","-","-","8","24576","1","-","windowsguest","-"," -"," -","2026-04-08T15:34:55.0960996Z","2026-04-08T15:34:55.142963Z","-"," -"," -","-","-","-","[]","-"
"/subscriptions/ed38b697-42b8-4490-b79a-ce682d991625/resourcegroups/rgazmigrat-8/providers/microsoft.offazure/importsites/vmwaremigration5a66importsite/machines/5201b9cc-0188-4000-a001-000000000188","/subscriptions/ed38b697-42b8-4490-b79a-ce682d991625/resourcegroups/rgazmigrat-8/providers/microsoft.offazure/importsites/vmwaremigration5a66importsite/machines/5201b9cc-0188-4000-a001-000000000188","vm-prod-payments-sqlao-app-04","vm-prod-payments-sqlao-app-04","Server","Windows server","-","-","-","Windows Server 2019","-","-","-","-","Import","VMware","-","{}","-","-","-","-","8","26624","1","-","windowsguest","-"," -"," -","2026-04-08T15:34:55.0960996Z","2026-04-08T15:34:55.142963Z","-"," -"," -","-","-","-","[]","-"
"/subscriptions/ed38b697-42b8-4490-b79a-ce682d991625/resourcegroups/rgazmigrat-8/providers/microsoft.offazure/importsites/vmwaremigration5a66importsite/machines/5201b9cc-0189-4000-a001-000000000189","/subscriptions/ed38b697-42b8-4490-b79a-ce682d991625/resourcegroups/rgazmigrat-8/providers/microsoft.offazure/importsites/vmwaremigration5a66importsite/machines/5201b9cc-0189-4000-a001-000000000189","vm-prod-payments-sqlao-dbprim-01","vm-prod-payments-sqlao-dbprim-01","Server","Windows server","-","-","-","Windows Server 2022","-","-","-","-","Import","VMware","-","{}","-","-","-","-","16","65536","1","-","windowsguest","-"," -"," -","2026-04-08T15:34:55.0960996Z","2026-04-08T15:34:55.142963Z","-"," -"," -","-","-","-","[]","-"
"/subscriptions/ed38b697-42b8-4490-b79a-ce682d991625/resourcegroups/rgazmigrat-8/providers/microsoft.offazure/importsites/vmwaremigration5a66importsite/machines/5201b9cc-0190-4000-a001-000000000190","/subscriptions/ed38b697-42b8-4490-b79a-ce682d991625/resourcegroups/rgazmigrat-8/providers/microsoft.offazure/importsites/vmwaremigration5a66importsite/machines/5201b9cc-0190-4000-a001-000000000190","vm-prod-payments-sqlao-dbseco-01","vm-prod-payments-sqlao-dbseco-01","Server","Windows server","-","-","-","Windows Server 2022","-","-","-","-","Import","VMware","-","{}","-","-","-","-","16","65536","1","-","windowsguest","-"," -"," -","2026-04-08T15:34:55.0960996Z","2026-04-08T15:34:55.142963Z","-"," -"," -","-","-","-","[]","-"
"/subscriptions/ed38b697-42b8-4490-b79a-ce682d991625/resourcegroups/rgazmigrat-8/providers/microsoft.offazure/importsites/vmwaremigration5a66importsite/machines/5201b9cc-0191-4000-a001-000000000191","/subscriptions/ed38b697-42b8-4490-b79a-ce682d991625/resourcegroups/rgazmigrat-8/providers/microsoft.offazure/importsites/vmwaremigration5a66importsite/machines/5201b9cc-0191-4000-a001-000000000191","vm-prod-payments-sqlao-witnes-01","vm-prod-payments-sqlao-witnes-01","Server","Windows server","-","-","-","Windows Server 2022","-","-","-","-","Import","VMware","-","{}","-","-","-","-","2","8192","1","-","windowsguest","-"," -"," -","2026-04-08T15:34:55.0960996Z","2026-04-08T15:34:55.142963Z","-"," -"," -","-","-","-","[]","-"
"/subscriptions/ed38b697-42b8-4490-b79a-ce682d991625/resourcegroups/rgazmigrat-8/providers/microsoft.offazure/importsites/vmwaremigration5a66importsite/machines/5201b9cc-0266-4000-a001-000000000266","/subscriptions/ed38b697-42b8-4490-b79a-ce682d991625/resourcegroups/rgazmigrat-8/providers/microsoft.offazure/importsites/vmwaremigration5a66importsite/machines/5201b9cc-0266-4000-a001-000000000266","vm-prod-pharmacy-app-01","vm-prod-pharmacy-app-01","Server","Windows server","-","-","-","Windows Server 2019","-","-","-","-","Import","VMware","-","{}","-","-","-","-","6","16384","1","-","windowsguest","-"," -"," -","2026-04-08T15:34:55.1273519Z","2026-04-08T15:34:56.3159497Z","-"," -"," -","-","-","-","[]","-"
"/subscriptions/ed38b697-42b8-4490-b79a-ce682d991625/resourcegroups/rgazmigrat-8/providers/microsoft.offazure/importsites/vmwaremigration5a66importsite/machines/5201b9cc-0267-4000-a001-000000000267","/subscriptions/ed38b697-42b8-4490-b79a-ce682d991625/resourcegroups/rgazmigrat-8/providers/microsoft.offazure/importsites/vmwaremigration5a66importsite/machines/5201b9cc-0267-4000-a001-000000000267","vm-prod-pharmacy-app-02","vm-prod-pharmacy-app-02","Server","Windows server","-","-","-","Windows Server 2022","-","-","-","-","Import","VMware","-","{}","-","-","-","-","6","18432","1","-","windowsguest","-"," -"," -","2026-04-08T15:34:55.1273519Z","2026-04-08T15:34:56.3159497Z","-"," -"," -","-","-","-","[]","-"
"/subscriptions/ed38b697-42b8-4490-b79a-ce682d991625/resourcegroups/rgazmigrat-8/providers/microsoft.offazure/importsites/vmwaremigration5a66importsite/machines/5201b9cc-0268-4000-a001-000000000268","/subscriptions/ed38b697-42b8-4490-b79a-ce682d991625/resourcegroups/rgazmigrat-8/providers/microsoft.offazure/importsites/vmwaremigration5a66importsite/machines/5201b9cc-0268-4000-a001-000000000268","vm-prod-pharmacy-app-03","vm-prod-pharmacy-app-03","Server","Windows server","-","-","-","Windows Server 2019","-","-","-","-","Import","VMware","-","{}","-","-","-","-","6","16384","1","-","windowsguest","-"," -"," -","2026-04-08T15:34:55.1273519Z","2026-04-08T15:34:56.3159497Z","-"," -"," -","-","-","-","[]","-"
"/subscriptions/ed38b697-42b8-4490-b79a-ce682d991625/resourcegroups/rgazmigrat-8/providers/microsoft.offazure/importsites/vmwaremigration5a66importsite/machines/5201b9cc-0269-4000-a001-000000000269","/subscriptions/ed38b697-42b8-4490-b79a-ce682d991625/resourcegroups/rgazmigrat-8/providers/microsoft.offazure/importsites/vmwaremigration5a66importsite/machines/5201b9cc-0269-4000-a001-000000000269","vm-prod-pharmacy-app-04","vm-prod-pharmacy-app-04","Server","Windows server","-","-","-","Windows Server 2022","-","-","-","-","Import","VMware","-","{}","-","-","-","-","6","18432","1","-","windowsguest","-"," -"," -","2026-04-08T15:34:55.1273519Z","2026-04-08T15:34:56.3159497Z","-"," -"," -","-","-","-","[]","-"
"/subscriptions/ed38b697-42b8-4490-b79a-ce682d991625/resourcegroups/rgazmigrat-8/providers/microsoft.offazure/importsites/vmwaremigration5a66importsite/machines/5201b9cc-0270-4000-a001-000000000270","/subscriptions/ed38b697-42b8-4490-b79a-ce682d991625/resourcegroups/rgazmigrat-8/providers/microsoft.offazure/importsites/vmwaremigration5a66importsite/machines/5201b9cc-0270-4000-a001-000000000270","vm-prod-pharmacy-db-01","vm-prod-pharmacy-db-01","Server","Windows server","-","-","-","Windows Server 2019","-","-","-","-","Import","VMware","-","{}","-","-","-","-","8","32768","1","-","windowsguest","-"," -"," -","2026-04-08T15:34:55.1273519Z","2026-04-08T15:34:56.3159497Z","-"," -"," -","-","-","-","[]","-"
"/subscriptions/ed38b697-42b8-4490-b79a-ce682d991625/resourcegroups/rgazmigrat-8/providers/microsoft.offazure/importsites/vmwaremigration5a66importsite/machines/5201b9cc-0271-4000-a001-000000000271","/subscriptions/ed38b697-42b8-4490-b79a-ce682d991625/resourcegroups/rgazmigrat-8/providers/microsoft.offazure/importsites/vmwaremigration5a66importsite/machines/5201b9cc-0271-4000-a001-000000000271","vm-prod-pharmacy-db-02","vm-prod-pharmacy-db-02","Server","Windows server","-","-","-","Windows Server 2022","-","-","-","-","Import","VMware","-","{}","-","-","-","-","8","32768","1","-","windowsguest","-"," -"," -","2026-04-08T15:34:55.1273519Z","2026-04-08T15:34:56.3159497Z","-"," -"," -","-","-","-","[]","-"
"/subscriptions/ed38b697-42b8-4490-b79a-ce682d991625/resourcegroups/rgazmigrat-8/providers/microsoft.offazure/importsites/vmwaremigration5a66importsite/machines/5201b9cc-0222-4000-a001-000000000222","/subscriptions/ed38b697-42b8-4490-b79a-ce682d991625/resourcegroups/rgazmigrat-8/providers/microsoft.offazure/importsites/vmwaremigration5a66importsite/machines/5201b9cc-0222-4000-a001-000000000222","vm-prod-provider-portal-app-01","vm-prod-provider-portal-app-01","Server","Windows server","-","-","-","Windows Server 2022","-","-","-","-","Import","VMware","-","{}","-","-","-","-","6","16384","1","-","windowsguest","-"," -"," -","2026-04-08T15:34:55.0960996Z","2026-04-08T15:34:56.3159497Z","-"," -"," -","-","-","-","[]","-"
"/subscriptions/ed38b697-42b8-4490-b79a-ce682d991625/resourcegroups/rgazmigrat-8/providers/microsoft.offazure/importsites/vmwaremigration5a66importsite/machines/5201b9cc-0223-4000-a001-000000000223","/subscriptions/ed38b697-42b8-4490-b79a-ce682d991625/resourcegroups/rgazmigrat-8/providers/microsoft.offazure/importsites/vmwaremigration5a66importsite/machines/5201b9cc-0223-4000-a001-000000000223","vm-prod-provider-portal-app-02","vm-prod-provider-portal-app-02","Server","Windows server","-","-","-","Windows Server 2022","-","-","-","-","Import","VMware","-","{}","-","-","-","-","6","18432","1","-","windowsguest","-"," -"," -","2026-04-08T15:34:55.0960996Z","2026-04-08T15:34:56.3159497Z","-"," -"," -","-","-","-","[]","-"
"/subscriptions/ed38b697-42b8-4490-b79a-ce682d991625/resourcegroups/rgazmigrat-8/providers/microsoft.offazure/importsites/vmwaremigration5a66importsite/machines/5201b9cc-0224-4000-a001-000000000224","/subscriptions/ed38b697-42b8-4490-b79a-ce682d991625/resourcegroups/rgazmigrat-8/providers/microsoft.offazure/importsites/vmwaremigration5a66importsite/machines/5201b9cc-0224-4000-a001-000000000224","vm-prod-provider-portal-app-03","vm-prod-provider-portal-app-03","Server","Windows server","-","-","-","Windows Server 2022","-","-","-","-","Import","VMware","-","{}","-","-","-","-","6","16384","1","-","windowsguest","-"," -"," -","2026-04-08T15:34:55.0960996Z","2026-04-08T15:34:56.3159497Z","-"," -"," -","-","-","-","[]","-"
"/subscriptions/ed38b697-42b8-4490-b79a-ce682d991625/resourcegroups/rgazmigrat-8/providers/microsoft.offazure/importsites/vmwaremigration5a66importsite/machines/5201b9cc-0225-4000-a001-000000000225","/subscriptions/ed38b697-42b8-4490-b79a-ce682d991625/resourcegroups/rgazmigrat-8/providers/microsoft.offazure/importsites/vmwaremigration5a66importsite/machines/5201b9cc-0225-4000-a001-000000000225","vm-prod-provider-portal-app-04","vm-prod-provider-portal-app-04","Server","Windows server","-","-","-","Windows Server 2022","-","-","-","-","Import","VMware","-","{}","-","-","-","-","6","18432","1","-","windowsguest","-"," -"," -","2026-04-08T15:34:55.1117163Z","2026-04-08T15:34:56.3159497Z","-"," -"," -","-","-","-","[]","-"
"/subscriptions/ed38b697-42b8-4490-b79a-ce682d991625/resourcegroups/rgazmigrat-8/providers/microsoft.offazure/importsites/vmwaremigration5a66importsite/machines/5201b9cc-0226-4000-a001-000000000226","/subscriptions/ed38b697-42b8-4490-b79a-ce682d991625/resourcegroups/rgazmigrat-8/providers/microsoft.offazure/importsites/vmwaremigration5a66importsite/machines/5201b9cc-0226-4000-a001-000000000226","vm-prod-provider-portal-db-01","vm-prod-provider-portal-db-01","Server","Windows server","-","-","-","Windows Server 2019","-","-","-","-","Import","VMware","-","{}","-","-","-","-","8","32768","1","-","windowsguest","-"," -"," -","2026-04-08T15:34:55.1117163Z","2026-04-08T15:34:56.3159497Z","-"," -"," -","-","-","-","[]","-"
"/subscriptions/ed38b697-42b8-4490-b79a-ce682d991625/resourcegroups/rgazmigrat-8/providers/microsoft.offazure/importsites/vmwaremigration5a66importsite/machines/5201b9cc-0227-4000-a001-000000000227","/subscriptions/ed38b697-42b8-4490-b79a-ce682d991625/resourcegroups/rgazmigrat-8/providers/microsoft.offazure/importsites/vmwaremigration5a66importsite/machines/5201b9cc-0227-4000-a001-000000000227","vm-prod-provider-portal-db-02","vm-prod-provider-portal-db-02","Server","Windows server","-","-","-","Windows Server 2022","-","-","-","-","Import","VMware","-","{}","-","-","-","-","8","32768","1","-","windowsguest","-"," -"," -","2026-04-08T15:34:55.1117163Z","2026-04-08T15:34:56.3159497Z","-"," -"," -","-","-","-","[]","-"
"/subscriptions/ed38b697-42b8-4490-b79a-ce682d991625/resourcegroups/rgazmigrat-8/providers/microsoft.offazure/importsites/vmwaremigration5a66importsite/machines/5201b9cc-0218-4000-a001-000000000218","/subscriptions/ed38b697-42b8-4490-b79a-ce682d991625/resourcegroups/rgazmigrat-8/providers/microsoft.offazure/importsites/vmwaremigration5a66importsite/machines/5201b9cc-0218-4000-a001-000000000218","vm-prod-provider-portal-web-01","vm-prod-provider-portal-web-01","Server","Windows server","-","-","-","Windows Server 2019","-","-","-","-","Import","VMware","-","{}","-","-","-","-","4","12288","1","-","windowsguest","-"," -"," -","2026-04-08T15:34:55.0960996Z","2026-04-08T15:34:56.3159497Z","-"," -"," -","-","-","-","[]","-"
"/subscriptions/ed38b697-42b8-4490-b79a-ce682d991625/resourcegroups/rgazmigrat-8/providers/microsoft.offazure/importsites/vmwaremigration5a66importsite/machines/5201b9cc-0219-4000-a001-000000000219","/subscriptions/ed38b697-42b8-4490-b79a-ce682d991625/resourcegroups/rgazmigrat-8/providers/microsoft.offazure/importsites/vmwaremigration5a66importsite/machines/5201b9cc-0219-4000-a001-000000000219","vm-prod-provider-portal-web-02","vm-prod-provider-portal-web-02","Server","Windows server","-","-","-","Windows Server 2022","-","-","-","-","Import","VMware","-","{}","-","-","-","-","4","14336","1","-","windowsguest","-"," -"," -","2026-04-08T15:34:55.0960996Z","2026-04-08T15:34:56.3159497Z","-"," -"," -","-","-","-","[]","-"
"/subscriptions/ed38b697-42b8-4490-b79a-ce682d991625/resourcegroups/rgazmigrat-8/providers/microsoft.offazure/importsites/vmwaremigration5a66importsite/machines/5201b9cc-0220-4000-a001-000000000220","/subscriptions/ed38b697-42b8-4490-b79a-ce682d991625/resourcegroups/rgazmigrat-8/providers/microsoft.offazure/importsites/vmwaremigration5a66importsite/machines/5201b9cc-0220-4000-a001-000000000220","vm-prod-provider-portal-web-03","vm-prod-provider-portal-web-03","Server","Windows server","-","-","-","Windows Server 2019","-","-","-","-","Import","VMware","-","{}","-","-","-","-","4","12288","1","-","windowsguest","-"," -"," -","2026-04-08T15:34:55.0960996Z","2026-04-08T15:34:56.3159497Z","-"," -"," -","-","-","-","[]","-"
"/subscriptions/ed38b697-42b8-4490-b79a-ce682d991625/resourcegroups/rgazmigrat-8/providers/microsoft.offazure/importsites/vmwaremigration5a66importsite/machines/5201b9cc-0221-4000-a001-000000000221","/subscriptions/ed38b697-42b8-4490-b79a-ce682d991625/resourcegroups/rgazmigrat-8/providers/microsoft.offazure/importsites/vmwaremigration5a66importsite/machines/5201b9cc-0221-4000-a001-000000000221","vm-prod-provider-portal-web-04","vm-prod-provider-portal-web-04","Server","Windows server","-","-","-","Windows Server 2022","-","-","-","-","Import","VMware","-","{}","-","-","-","-","4","14336","1","-","windowsguest","-"," -"," -","2026-04-08T15:34:55.0960996Z","2026-04-08T15:34:56.3159497Z","-"," -"," -","-","-","-","[]","-"
"/subscriptions/ed38b697-42b8-4490-b79a-ce682d991625/resourcegroups/rgazmigrat-8/providers/microsoft.offazure/importsites/vmwaremigration5a66importsite/machines/5201b9cc-0286-4000-a001-000000000286","/subscriptions/ed38b697-42b8-4490-b79a-ce682d991625/resourcegroups/rgazmigrat-8/providers/microsoft.offazure/importsites/vmwaremigration5a66importsite/machines/5201b9cc-0286-4000-a001-000000000286","vm-prod-research-genomics-comput-01","vm-prod-research-genomics-comput-01","Server","Linux server","-","-","-","Rocky Linux 9 (64-bit)","-","-","-","-","Import","VMware","-","{}","-","-","-","-","12","49152","1","-","linuxguest","-"," -"," -","2026-04-08T15:34:55.1273519Z","2026-04-08T15:34:56.3159497Z","-"," -"," -","-","-","-","[]","-"
"/subscriptions/ed38b697-42b8-4490-b79a-ce682d991625/resourcegroups/rgazmigrat-8/providers/microsoft.offazure/importsites/vmwaremigration5a66importsite/machines/5201b9cc-0287-4000-a001-000000000287","/subscriptions/ed38b697-42b8-4490-b79a-ce682d991625/resourcegroups/rgazmigrat-8/providers/microsoft.offazure/importsites/vmwaremigration5a66importsite/machines/5201b9cc-0287-4000-a001-000000000287","vm-prod-research-genomics-comput-02","vm-prod-research-genomics-comput-02","Server","Linux server","-","-","-","Rocky Linux 9 (64-bit)","-","-","-","-","Import","VMware","-","{}","-","-","-","-","12","49152","1","-","linuxguest","-"," -"," -","2026-04-08T15:34:55.1273519Z","2026-04-08T15:34:56.3159497Z","-"," -"," -","-","-","-","[]","-"
"/subscriptions/ed38b697-42b8-4490-b79a-ce682d991625/resourcegroups/rgazmigrat-8/providers/microsoft.offazure/importsites/vmwaremigration5a66importsite/machines/5201b9cc-0288-4000-a001-000000000288","/subscriptions/ed38b697-42b8-4490-b79a-ce682d991625/resourcegroups/rgazmigrat-8/providers/microsoft.offazure/importsites/vmwaremigration5a66importsite/machines/5201b9cc-0288-4000-a001-000000000288","vm-prod-research-genomics-comput-03","vm-prod-research-genomics-comput-03","Server","Linux server","-","-","-","Rocky Linux 9 (64-bit)","-","-","-","-","Import","VMware","-","{}","-","-","-","-","13","49152","1","-","linuxguest","-"," -"," -","2026-04-08T15:34:55.1273519Z","2026-04-08T15:34:56.3159497Z","-"," -"," -","-","-","-","[]","-"
"/subscriptions/ed38b697-42b8-4490-b79a-ce682d991625/resourcegroups/rgazmigrat-8/providers/microsoft.offazure/importsites/vmwaremigration5a66importsite/machines/5201b9cc-0289-4000-a001-000000000289","/subscriptions/ed38b697-42b8-4490-b79a-ce682d991625/resourcegroups/rgazmigrat-8/providers/microsoft.offazure/importsites/vmwaremigration5a66importsite/machines/5201b9cc-0289-4000-a001-000000000289","vm-prod-research-genomics-comput-04","vm-prod-research-genomics-comput-04","Server","Linux server","-","-","-","Rocky Linux 9 (64-bit)","-","-","-","-","Import","VMware","-","{}","-","-","-","-","12","49152","1","-","linuxguest","-"," -"," -","2026-04-08T15:34:55.1273519Z","2026-04-08T15:34:56.3159497Z","-"," -"," -","-","-","-","[]","-"
"/subscriptions/ed38b697-42b8-4490-b79a-ce682d991625/resourcegroups/rgazmigrat-8/providers/microsoft.offazure/importsites/vmwaremigration5a66importsite/machines/5201b9cc-0290-4000-a001-000000000290","/subscriptions/ed38b697-42b8-4490-b79a-ce682d991625/resourcegroups/rgazmigrat-8/providers/microsoft.offazure/importsites/vmwaremigration5a66importsite/machines/5201b9cc-0290-4000-a001-000000000290","vm-prod-research-genomics-comput-05","vm-prod-research-genomics-comput-05","Server","Linux server","-","-","-","Rocky Linux 9 (64-bit)","-","-","-","-","Import","VMware","-","{}","-","-","-","-","12","49152","1","-","linuxguest","-"," -"," -","2026-04-08T15:34:55.1273519Z","2026-04-08T15:34:56.3159497Z","-"," -"," -","-","-","-","[]","-"
"/subscriptions/ed38b697-42b8-4490-b79a-ce682d991625/resourcegroups/rgazmigrat-8/providers/microsoft.offazure/importsites/vmwaremigration5a66importsite/machines/5201b9cc-0291-4000-a001-000000000291","/subscriptions/ed38b697-42b8-4490-b79a-ce682d991625/resourcegroups/rgazmigrat-8/providers/microsoft.offazure/importsites/vmwaremigration5a66importsite/machines/5201b9cc-0291-4000-a001-000000000291","vm-prod-research-genomics-comput-06","vm-prod-research-genomics-comput-06","Server","Linux server","-","-","-","Rocky Linux 9 (64-bit)","-","-","-","-","Import","VMware","-","{}","-","-","-","-","13","49152","1","-","linuxguest","-"," -"," -","2026-04-08T15:34:55.1273519Z","2026-04-08T15:34:56.3159497Z","-"," -"," -","-","-","-","[]","-"
"/subscriptions/ed38b697-42b8-4490-b79a-ce682d991625/resourcegroups/rgazmigrat-8/providers/microsoft.offazure/importsites/vmwaremigration5a66importsite/machines/5201b9cc-0292-4000-a001-000000000292","/subscriptions/ed38b697-42b8-4490-b79a-ce682d991625/resourcegroups/rgazmigrat-8/providers/microsoft.offazure/importsites/vmwaremigration5a66importsite/machines/5201b9cc-0292-4000-a001-000000000292","vm-prod-research-genomics-comput-07","vm-prod-research-genomics-comput-07","Server","Linux server","-","-","-","Rocky Linux 9 (64-bit)","-","-","-","-","Import","VMware","-","{}","-","-","-","-","12","49152","1","-","linuxguest","-"," -"," -","2026-04-08T15:34:55.1273519Z","2026-04-08T15:34:56.3159497Z","-"," -"," -","-","-","-","[]","-"
"/subscriptions/ed38b697-42b8-4490-b79a-ce682d991625/resourcegroups/rgazmigrat-8/providers/microsoft.offazure/importsites/vmwaremigration5a66importsite/machines/5201b9cc-0293-4000-a001-000000000293","/subscriptions/ed38b697-42b8-4490-b79a-ce682d991625/resourcegroups/rgazmigrat-8/providers/microsoft.offazure/importsites/vmwaremigration5a66importsite/machines/5201b9cc-0293-4000-a001-000000000293","vm-prod-research-genomics-comput-08","vm-prod-research-genomics-comput-08","Server","Linux server","-","-","-","Rocky Linux 9 (64-bit)","-","-","-","-","Import","VMware","-","{}","-","-","-","-","12","49152","1","-","linuxguest","-"," -"," -","2026-04-08T15:34:55.1273519Z","2026-04-08T15:34:56.3159497Z","-"," -"," -","-","-","-","[]","-"
"/subscriptions/ed38b697-42b8-4490-b79a-ce682d991625/resourcegroups/rgazmigrat-8/providers/microsoft.offazure/importsites/vmwaremigration5a66importsite/machines/5201b9cc-0294-4000-a001-000000000294","/subscriptions/ed38b697-42b8-4490-b79a-ce682d991625/resourcegroups/rgazmigrat-8/providers/microsoft.offazure/importsites/vmwaremigration5a66importsite/machines/5201b9cc-0294-4000-a001-000000000294","vm-prod-research-genomics-db-01","vm-prod-research-genomics-db-01","Server","Linux server","-","-","-","Ubuntu","-","-","-","-","Import","VMware","-","{}","-","-","-","-","16","65536","1","-","linuxguest","-"," -"," -","2026-04-08T15:34:55.1273519Z","2026-04-08T15:34:56.3159497Z","-"," -"," -","-","-","-","[]","-"
"/subscriptions/ed38b697-42b8-4490-b79a-ce682d991625/resourcegroups/rgazmigrat-8/providers/microsoft.offazure/importsites/vmwaremigration5a66importsite/machines/5201b9cc-0295-4000-a001-000000000295","/subscriptions/ed38b697-42b8-4490-b79a-ce682d991625/resourcegroups/rgazmigrat-8/providers/microsoft.offazure/importsites/vmwaremigration5a66importsite/machines/5201b9cc-0295-4000-a001-000000000295","vm-prod-research-genomics-db-02","vm-prod-research-genomics-db-02","Server","Linux server","-","-","-","Ubuntu","-","-","-","-","Import","VMware","-","{}","-","-","-","-","16","65536","1","-","linuxguest","-"," -"," -","2026-04-08T15:34:55.1273519Z","2026-04-08T15:34:56.3159497Z","-"," -"," -","-","-","-","[]","-"
"/subscriptions/ed38b697-42b8-4490-b79a-ce682d991625/resourcegroups/rgazmigrat-8/providers/microsoft.offazure/importsites/vmwaremigration5a66importsite/machines/5201b9cc-0282-4000-a001-000000000282","/subscriptions/ed38b697-42b8-4490-b79a-ce682d991625/resourcegroups/rgazmigrat-8/providers/microsoft.offazure/importsites/vmwaremigration5a66importsite/machines/5201b9cc-0282-4000-a001-000000000282","vm-prod-research-genomics-etl-01","vm-prod-research-genomics-etl-01","Server","Linux server","-","-","-","Rocky Linux 9 (64-bit)","-","-","-","-","Import","VMware","-","{}","-","-","-","-","8","32768","1","-","linuxguest","-"," -"," -","2026-04-08T15:34:55.1273519Z","2026-04-08T15:34:56.3159497Z","-"," -"," -","-","-","-","[]","-"
"/subscriptions/ed38b697-42b8-4490-b79a-ce682d991625/resourcegroups/rgazmigrat-8/providers/microsoft.offazure/importsites/vmwaremigration5a66importsite/machines/5201b9cc-0283-4000-a001-000000000283","/subscriptions/ed38b697-42b8-4490-b79a-ce682d991625/resourcegroups/rgazmigrat-8/providers/microsoft.offazure/importsites/vmwaremigration5a66importsite/machines/5201b9cc-0283-4000-a001-000000000283","vm-prod-research-genomics-etl-02","vm-prod-research-genomics-etl-02","Server","Linux server","-","-","-","Rocky Linux 9 (64-bit)","-","-","-","-","Import","VMware","-","{}","-","-","-","-","8","32768","1","-","linuxguest","-"," -"," -","2026-04-08T15:34:55.1273519Z","2026-04-08T15:34:56.3159497Z","-"," -"," -","-","-","-","[]","-"
"/subscriptions/ed38b697-42b8-4490-b79a-ce682d991625/resourcegroups/rgazmigrat-8/providers/microsoft.offazure/importsites/vmwaremigration5a66importsite/machines/5201b9cc-0284-4000-a001-000000000284","/subscriptions/ed38b697-42b8-4490-b79a-ce682d991625/resourcegroups/rgazmigrat-8/providers/microsoft.offazure/importsites/vmwaremigration5a66importsite/machines/5201b9cc-0284-4000-a001-000000000284","vm-prod-research-genomics-etl-03","vm-prod-research-genomics-etl-03","Server","Linux server","-","-","-","Rocky Linux 9 (64-bit)","-","-","-","-","Import","VMware","-","{}","-","-","-","-","9","32768","1","-","linuxguest","-"," -"," -","2026-04-08T15:34:55.1273519Z","2026-04-08T15:34:56.3159497Z","-"," -"," -","-","-","-","[]","-"
"/subscriptions/ed38b697-42b8-4490-b79a-ce682d991625/resourcegroups/rgazmigrat-8/providers/microsoft.offazure/importsites/vmwaremigration5a66importsite/machines/5201b9cc-0285-4000-a001-000000000285","/subscriptions/ed38b697-42b8-4490-b79a-ce682d991625/resourcegroups/rgazmigrat-8/providers/microsoft.offazure/importsites/vmwaremigration5a66importsite/machines/5201b9cc-0285-4000-a001-000000000285","vm-prod-research-genomics-etl-04","vm-prod-research-genomics-etl-04","Server","Linux server","-","-","-","Rocky Linux 9 (64-bit)","-","-","-","-","Import","VMware","-","{}","-","-","-","-","8","32768","1","-","linuxguest","-"," -"," -","2026-04-08T15:34:55.1273519Z","2026-04-08T15:34:56.3159497Z","-"," -"," -","-","-","-","[]","-"
"/subscriptions/ed38b697-42b8-4490-b79a-ce682d991625/resourcegroups/rgazmigrat-8/providers/microsoft.offazure/importsites/vmwaremigration5a66importsite/machines/5201b9cc-0144-4000-a001-000000000144","/subscriptions/ed38b697-42b8-4490-b79a-ce682d991625/resourcegroups/rgazmigrat-8/providers/microsoft.offazure/importsites/vmwaremigration5a66importsite/machines/5201b9cc-0144-4000-a001-000000000144","vm-prod-sap-bw-batch-01","vm-prod-sap-bw-batch-01","Server","Linux server","-","-","-","Red Hat Enterprise Linux 8","-","-","-","-","Import","VMware","-","{}","-","-","-","-","8","32768","1","-","linuxguest","-"," -"," -","2026-04-08T15:34:55.0648865Z","2026-04-08T15:34:55.142963Z","-"," -"," -","-","-","-","[]","-"
"/subscriptions/ed38b697-42b8-4490-b79a-ce682d991625/resourcegroups/rgazmigrat-8/providers/microsoft.offazure/importsites/vmwaremigration5a66importsite/machines/5201b9cc-0145-4000-a001-000000000145","/subscriptions/ed38b697-42b8-4490-b79a-ce682d991625/resourcegroups/rgazmigrat-8/providers/microsoft.offazure/importsites/vmwaremigration5a66importsite/machines/5201b9cc-0145-4000-a001-000000000145","vm-prod-sap-bw-batch-02","vm-prod-sap-bw-batch-02","Server","Linux server","-","-","-","Red Hat Enterprise Linux 8","-","-","-","-","Import","VMware","-","{}","-","-","-","-","8","32768","1","-","linuxguest","-"," -"," -","2026-04-08T15:34:55.0648865Z","2026-04-08T15:34:55.142963Z","-"," -"," -","-","-","-","[]","-"
"/subscriptions/ed38b697-42b8-4490-b79a-ce682d991625/resourcegroups/rgazmigrat-8/providers/microsoft.offazure/importsites/vmwaremigration5a66importsite/machines/5201b9cc-0146-4000-a001-000000000146","/subscriptions/ed38b697-42b8-4490-b79a-ce682d991625/resourcegroups/rgazmigrat-8/providers/microsoft.offazure/importsites/vmwaremigration5a66importsite/machines/5201b9cc-0146-4000-a001-000000000146","vm-prod-sap-bw-batch-03","vm-prod-sap-bw-batch-03","Server","Linux server","-","-","-","Red Hat Enterprise Linux 8","-","-","-","-","Import","VMware","-","{}","-","-","-","-","9","32768","1","-","linuxguest","-"," -"," -","2026-04-08T15:34:55.0648865Z","2026-04-08T15:34:55.142963Z","-"," -"," -","-","-","-","[]","-"
"/subscriptions/ed38b697-42b8-4490-b79a-ce682d991625/resourcegroups/rgazmigrat-8/providers/microsoft.offazure/importsites/vmwaremigration5a66importsite/machines/5201b9cc-0147-4000-a001-000000000147","/subscriptions/ed38b697-42b8-4490-b79a-ce682d991625/resourcegroups/rgazmigrat-8/providers/microsoft.offazure/importsites/vmwaremigration5a66importsite/machines/5201b9cc-0147-4000-a001-000000000147","vm-prod-sap-bw-batch-04","vm-prod-sap-bw-batch-04","Server","Linux server","-","-","-","Red Hat Enterprise Linux 8","-","-","-","-","Import","VMware","-","{}","-","-","-","-","8","32768","1","-","linuxguest","-"," -"," -","2026-04-08T15:34:55.0648865Z","2026-04-08T15:34:55.142963Z","-"," -"," -","-","-","-","[]","-"
"/subscriptions/ed38b697-42b8-4490-b79a-ce682d991625/resourcegroups/rgazmigrat-8/providers/microsoft.offazure/importsites/vmwaremigration5a66importsite/machines/5201b9cc-0148-4000-a001-000000000148","/subscriptions/ed38b697-42b8-4490-b79a-ce682d991625/resourcegroups/rgazmigrat-8/providers/microsoft.offazure/importsites/vmwaremigration5a66importsite/machines/5201b9cc-0148-4000-a001-000000000148","vm-prod-sap-bw-db-01","vm-prod-sap-bw-db-01","Server","Linux server","-","-","-","SUSE Linux Enterprise Server 15 (64-bit)","-","-","-","-","Import","VMware","-","{}","-","-","-","-","20","98304","1","-","linuxguest","-"," -"," -","2026-04-08T15:34:55.0648865Z","2026-04-08T15:34:55.142963Z","-"," -"," -","-","-","-","[]","-"
"/subscriptions/ed38b697-42b8-4490-b79a-ce682d991625/resourcegroups/rgazmigrat-8/providers/microsoft.offazure/importsites/vmwaremigration5a66importsite/machines/5201b9cc-0149-4000-a001-000000000149","/subscriptions/ed38b697-42b8-4490-b79a-ce682d991625/resourcegroups/rgazmigrat-8/providers/microsoft.offazure/importsites/vmwaremigration5a66importsite/machines/5201b9cc-0149-4000-a001-000000000149","vm-prod-sap-bw-db-02","vm-prod-sap-bw-db-02","Server","Linux server","-","-","-","SUSE Linux Enterprise Server 15 (64-bit)","-","-","-","-","Import","VMware","-","{}","-","-","-","-","20","98304","1","-","linuxguest","-"," -"," -","2026-04-08T15:34:55.0648865Z","2026-04-08T15:34:55.142963Z","-"," -"," -","-","-","-","[]","-"
"/subscriptions/ed38b697-42b8-4490-b79a-ce682d991625/resourcegroups/rgazmigrat-8/providers/microsoft.offazure/importsites/vmwaremigration5a66importsite/machines/5201b9cc-0140-4000-a001-000000000140","/subscriptions/ed38b697-42b8-4490-b79a-ce682d991625/resourcegroups/rgazmigrat-8/providers/microsoft.offazure/importsites/vmwaremigration5a66importsite/machines/5201b9cc-0140-4000-a001-000000000140","vm-prod-sap-bw-sapapp-01","vm-prod-sap-bw-sapapp-01","Server","Linux server","-","-","-","Red Hat Enterprise Linux 8","-","-","-","-","Import","VMware","-","{}","-","-","-","-","10","49152","1","-","linuxguest","-"," -"," -","2026-04-08T15:34:55.0648865Z","2026-04-08T15:34:55.142963Z","-"," -"," -","-","-","-","[]","-"
"/subscriptions/ed38b697-42b8-4490-b79a-ce682d991625/resourcegroups/rgazmigrat-8/providers/microsoft.offazure/importsites/vmwaremigration5a66importsite/machines/5201b9cc-0141-4000-a001-000000000141","/subscriptions/ed38b697-42b8-4490-b79a-ce682d991625/resourcegroups/rgazmigrat-8/providers/microsoft.offazure/importsites/vmwaremigration5a66importsite/machines/5201b9cc-0141-4000-a001-000000000141","vm-prod-sap-bw-sapapp-02","vm-prod-sap-bw-sapapp-02","Server","Linux server","-","-","-","Red Hat Enterprise Linux 8","-","-","-","-","Import","VMware","-","{}","-","-","-","-","10","51200","1","-","linuxguest","-"," -"," -","2026-04-08T15:34:55.0648865Z","2026-04-08T15:34:55.142963Z","-"," -"," -","-","-","-","[]","-"
"/subscriptions/ed38b697-42b8-4490-b79a-ce682d991625/resourcegroups/rgazmigrat-8/providers/microsoft.offazure/importsites/vmwaremigration5a66importsite/machines/5201b9cc-0142-4000-a001-000000000142","/subscriptions/ed38b697-42b8-4490-b79a-ce682d991625/resourcegroups/rgazmigrat-8/providers/microsoft.offazure/importsites/vmwaremigration5a66importsite/machines/5201b9cc-0142-4000-a001-000000000142","vm-prod-sap-bw-sapapp-03","vm-prod-sap-bw-sapapp-03","Server","Linux server","-","-","-","Red Hat Enterprise Linux 8","-","-","-","-","Import","VMware","-","{}","-","-","-","-","11","49152","1","-","linuxguest","-"," -"," -","2026-04-08T15:34:55.0648865Z","2026-04-08T15:34:55.142963Z","-"," -"," -","-","-","-","[]","-"
"/subscriptions/ed38b697-42b8-4490-b79a-ce682d991625/resourcegroups/rgazmigrat-8/providers/microsoft.offazure/importsites/vmwaremigration5a66importsite/machines/5201b9cc-0143-4000-a001-000000000143","/subscriptions/ed38b697-42b8-4490-b79a-ce682d991625/resourcegroups/rgazmigrat-8/providers/microsoft.offazure/importsites/vmwaremigration5a66importsite/machines/5201b9cc-0143-4000-a001-000000000143","vm-prod-sap-bw-sapapp-04","vm-prod-sap-bw-sapapp-04","Server","Linux server","-","-","-","Red Hat Enterprise Linux 8","-","-","-","-","Import","VMware","-","{}","-","-","-","-","10","51200","1","-","linuxguest","-"," -"," -","2026-04-08T15:34:55.0648865Z","2026-04-08T15:34:55.142963Z","-"," -"," -","-","-","-","[]","-"
"/subscriptions/ed38b697-42b8-4490-b79a-ce682d991625/resourcegroups/rgazmigrat-8/providers/microsoft.offazure/importsites/vmwaremigration5a66importsite/machines/5201b9cc-0134-4000-a001-000000000134","/subscriptions/ed38b697-42b8-4490-b79a-ce682d991625/resourcegroups/rgazmigrat-8/providers/microsoft.offazure/importsites/vmwaremigration5a66importsite/machines/5201b9cc-0134-4000-a001-000000000134","vm-prod-sap-s4hana-batch-01","vm-prod-sap-s4hana-batch-01","Server","Linux server","-","-","-","Red Hat Enterprise Linux 8","-","-","-","-","Import","VMware","-","{}","-","-","-","-","8","32768","1","-","linuxguest","-"," -"," -","2026-04-08T15:34:55.0648865Z","2026-04-08T15:34:55.142963Z","-"," -"," -","-","-","-","[]","-"
"/subscriptions/ed38b697-42b8-4490-b79a-ce682d991625/resourcegroups/rgazmigrat-8/providers/microsoft.offazure/importsites/vmwaremigration5a66importsite/machines/5201b9cc-0135-4000-a001-000000000135","/subscriptions/ed38b697-42b8-4490-b79a-ce682d991625/resourcegroups/rgazmigrat-8/providers/microsoft.offazure/importsites/vmwaremigration5a66importsite/machines/5201b9cc-0135-4000-a001-000000000135","vm-prod-sap-s4hana-batch-02","vm-prod-sap-s4hana-batch-02","Server","Linux server","-","-","-","Red Hat Enterprise Linux 8","-","-","-","-","Import","VMware","-","{}","-","-","-","-","8","32768","1","-","linuxguest","-"," -"," -","2026-04-08T15:34:55.0648865Z","2026-04-08T15:34:55.142963Z","-"," -"," -","-","-","-","[]","-"
"/subscriptions/ed38b697-42b8-4490-b79a-ce682d991625/resourcegroups/rgazmigrat-8/providers/microsoft.offazure/importsites/vmwaremigration5a66importsite/machines/5201b9cc-0136-4000-a001-000000000136","/subscriptions/ed38b697-42b8-4490-b79a-ce682d991625/resourcegroups/rgazmigrat-8/providers/microsoft.offazure/importsites/vmwaremigration5a66importsite/machines/5201b9cc-0136-4000-a001-000000000136","vm-prod-sap-s4hana-batch-03","vm-prod-sap-s4hana-batch-03","Server","Linux server","-","-","-","Red Hat Enterprise Linux 8","-","-","-","-","Import","VMware","-","{}","-","-","-","-","9","32768","1","-","linuxguest","-"," -"," -","2026-04-08T15:34:55.0648865Z","2026-04-08T15:34:55.142963Z","-"," -"," -","-","-","-","[]","-"
"/subscriptions/ed38b697-42b8-4490-b79a-ce682d991625/resourcegroups/rgazmigrat-8/providers/microsoft.offazure/importsites/vmwaremigration5a66importsite/machines/5201b9cc-0137-4000-a001-000000000137","/subscriptions/ed38b697-42b8-4490-b79a-ce682d991625/resourcegroups/rgazmigrat-8/providers/microsoft.offazure/importsites/vmwaremigration5a66importsite/machines/5201b9cc-0137-4000-a001-000000000137","vm-prod-sap-s4hana-batch-04","vm-prod-sap-s4hana-batch-04","Server","Linux server","-","-","-","Red Hat Enterprise Linux 8","-","-","-","-","Import","VMware","-","{}","-","-","-","-","8","32768","1","-","linuxguest","-"," -"," -","2026-04-08T15:34:55.0648865Z","2026-04-08T15:34:55.142963Z","-"," -"," -","-","-","-","[]","-"
"/subscriptions/ed38b697-42b8-4490-b79a-ce682d991625/resourcegroups/rgazmigrat-8/providers/microsoft.offazure/importsites/vmwaremigration5a66importsite/machines/5201b9cc-0138-4000-a001-000000000138","/subscriptions/ed38b697-42b8-4490-b79a-ce682d991625/resourcegroups/rgazmigrat-8/providers/microsoft.offazure/importsites/vmwaremigration5a66importsite/machines/5201b9cc-0138-4000-a001-000000000138","vm-prod-sap-s4hana-db-01","vm-prod-sap-s4hana-db-01","Server","Linux server","-","-","-","SUSE Linux Enterprise Server 15 (64-bit)","-","-","-","-","Import","VMware","-","{}","-","-","-","-","24","131072","1","-","linuxguest","-"," -"," -","2026-04-08T15:34:55.0648865Z","2026-04-08T15:34:55.142963Z","-"," -"," -","-","-","-","[]","-"
"/subscriptions/ed38b697-42b8-4490-b79a-ce682d991625/resourcegroups/rgazmigrat-8/providers/microsoft.offazure/importsites/vmwaremigration5a66importsite/machines/5201b9cc-0139-4000-a001-000000000139","/subscriptions/ed38b697-42b8-4490-b79a-ce682d991625/resourcegroups/rgazmigrat-8/providers/microsoft.offazure/importsites/vmwaremigration5a66importsite/machines/5201b9cc-0139-4000-a001-000000000139","vm-prod-sap-s4hana-db-02","vm-prod-sap-s4hana-db-02","Server","Linux server","-","-","-","SUSE Linux Enterprise Server 15 (64-bit)","-","-","-","-","Import","VMware","-","{}","-","-","-","-","24","131072","1","-","linuxguest","-"," -"," -","2026-04-08T15:34:55.0648865Z","2026-04-08T15:34:55.142963Z","-"," -"," -","-","-","-","[]","-"
"/subscriptions/ed38b697-42b8-4490-b79a-ce682d991625/resourcegroups/rgazmigrat-8/providers/microsoft.offazure/importsites/vmwaremigration5a66importsite/machines/5201b9cc-0128-4000-a001-000000000128","/subscriptions/ed38b697-42b8-4490-b79a-ce682d991625/resourcegroups/rgazmigrat-8/providers/microsoft.offazure/importsites/vmwaremigration5a66importsite/machines/5201b9cc-0128-4000-a001-000000000128","vm-prod-sap-s4hana-sapapp-01","vm-prod-sap-s4hana-sapapp-01","Server","Linux server","-","-","-","Red Hat Enterprise Linux 8","-","-","-","-","Import","VMware","-","{}","-","-","-","-","12","65536","1","-","linuxguest","-"," -"," -","2026-04-08T15:34:55.0648865Z","2026-04-08T15:34:55.142963Z","-"," -"," -","-","-","-","[]","-"
"/subscriptions/ed38b697-42b8-4490-b79a-ce682d991625/resourcegroups/rgazmigrat-8/providers/microsoft.offazure/importsites/vmwaremigration5a66importsite/machines/5201b9cc-0129-4000-a001-000000000129","/subscriptions/ed38b697-42b8-4490-b79a-ce682d991625/resourcegroups/rgazmigrat-8/providers/microsoft.offazure/importsites/vmwaremigration5a66importsite/machines/5201b9cc-0129-4000-a001-000000000129","vm-prod-sap-s4hana-sapapp-02","vm-prod-sap-s4hana-sapapp-02","Server","Linux server","-","-","-","Red Hat Enterprise Linux 8","-","-","-","-","Import","VMware","-","{}","-","-","-","-","12","67584","1","-","linuxguest","-"," -"," -","2026-04-08T15:34:55.0648865Z","2026-04-08T15:34:55.142963Z","-"," -"," -","-","-","-","[]","-"
"/subscriptions/ed38b697-42b8-4490-b79a-ce682d991625/resourcegroups/rgazmigrat-8/providers/microsoft.offazure/importsites/vmwaremigration5a66importsite/machines/5201b9cc-0130-4000-a001-000000000130","/subscriptions/ed38b697-42b8-4490-b79a-ce682d991625/resourcegroups/rgazmigrat-8/providers/microsoft.offazure/importsites/vmwaremigration5a66importsite/machines/5201b9cc-0130-4000-a001-000000000130","vm-prod-sap-s4hana-sapapp-03","vm-prod-sap-s4hana-sapapp-03","Server","Linux server","-","-","-","Red Hat Enterprise Linux 8","-","-","-","-","Import","VMware","-","{}","-","-","-","-","13","65536","1","-","linuxguest","-"," -"," -","2026-04-08T15:34:55.0648865Z","2026-04-08T15:34:55.142963Z","-"," -"," -","-","-","-","[]","-"
"/subscriptions/ed38b697-42b8-4490-b79a-ce682d991625/resourcegroups/rgazmigrat-8/providers/microsoft.offazure/importsites/vmwaremigration5a66importsite/machines/5201b9cc-0131-4000-a001-000000000131","/subscriptions/ed38b697-42b8-4490-b79a-ce682d991625/resourcegroups/rgazmigrat-8/providers/microsoft.offazure/importsites/vmwaremigration5a66importsite/machines/5201b9cc-0131-4000-a001-000000000131","vm-prod-sap-s4hana-sapapp-04","vm-prod-sap-s4hana-sapapp-04","Server","Linux server","-","-","-","Red Hat Enterprise Linux 8","-","-","-","-","Import","VMware","-","{}","-","-","-","-","12","67584","1","-","linuxguest","-"," -"," -","2026-04-08T15:34:55.0648865Z","2026-04-08T15:34:55.142963Z","-"," -"," -","-","-","-","[]","-"
"/subscriptions/ed38b697-42b8-4490-b79a-ce682d991625/resourcegroups/rgazmigrat-8/providers/microsoft.offazure/importsites/vmwaremigration5a66importsite/machines/5201b9cc-0132-4000-a001-000000000132","/subscriptions/ed38b697-42b8-4490-b79a-ce682d991625/resourcegroups/rgazmigrat-8/providers/microsoft.offazure/importsites/vmwaremigration5a66importsite/machines/5201b9cc-0132-4000-a001-000000000132","vm-prod-sap-s4hana-sapapp-05","vm-prod-sap-s4hana-sapapp-05","Server","Linux server","-","-","-","Red Hat Enterprise Linux 8","-","-","-","-","Import","VMware","-","{}","-","-","-","-","12","65536","1","-","linuxguest","-"," -"," -","2026-04-08T15:34:55.0648865Z","2026-04-08T15:34:55.142963Z","-"," -"," -","-","-","-","[]","-"
"/subscriptions/ed38b697-42b8-4490-b79a-ce682d991625/resourcegroups/rgazmigrat-8/providers/microsoft.offazure/importsites/vmwaremigration5a66importsite/machines/5201b9cc-0133-4000-a001-000000000133","/subscriptions/ed38b697-42b8-4490-b79a-ce682d991625/resourcegroups/rgazmigrat-8/providers/microsoft.offazure/importsites/vmwaremigration5a66importsite/machines/5201b9cc-0133-4000-a001-000000000133","vm-prod-sap-s4hana-sapapp-06","vm-prod-sap-s4hana-sapapp-06","Server","Linux server","-","-","-","Red Hat Enterprise Linux 8","-","-","-","-","Import","VMware","-","{}","-","-","-","-","13","67584","1","-","linuxguest","-"," -"," -","2026-04-08T15:34:55.0648865Z","2026-04-08T15:34:55.142963Z","-"," -"," -","-","-","-","[]","-"
"/subscriptions/ed38b697-42b8-4490-b79a-ce682d991625/resourcegroups/rgazmigrat-8/providers/microsoft.offazure/importsites/vmwaremigration5a66importsite/machines/5201b9cc-0126-4000-a001-000000000126","/subscriptions/ed38b697-42b8-4490-b79a-ce682d991625/resourcegroups/rgazmigrat-8/providers/microsoft.offazure/importsites/vmwaremigration5a66importsite/machines/5201b9cc-0126-4000-a001-000000000126","vm-prod-sap-s4hana-sapweb-01","vm-prod-sap-s4hana-sapweb-01","Server","Windows server","-","-","-","Windows Server 2019","-","-","-","-","Import","VMware","-","{}","-","-","-","-","4","16384","1","-","windowsguest","-"," -"," -","2026-04-08T15:34:55.0648865Z","2026-04-08T15:34:55.142963Z","-"," -"," -","-","-","-","[]","-"
"/subscriptions/ed38b697-42b8-4490-b79a-ce682d991625/resourcegroups/rgazmigrat-8/providers/microsoft.offazure/importsites/vmwaremigration5a66importsite/machines/5201b9cc-0127-4000-a001-000000000127","/subscriptions/ed38b697-42b8-4490-b79a-ce682d991625/resourcegroups/rgazmigrat-8/providers/microsoft.offazure/importsites/vmwaremigration5a66importsite/machines/5201b9cc-0127-4000-a001-000000000127","vm-prod-sap-s4hana-sapweb-02","vm-prod-sap-s4hana-sapweb-02","Server","Windows server","-","-","-","Windows Server 2019","-","-","-","-","Import","VMware","-","{}","-","-","-","-","4","16384","1","-","windowsguest","-"," -"," -","2026-04-08T15:34:55.0648865Z","2026-04-08T15:34:55.142963Z","-"," -"," -","-","-","-","[]","-"